motif_id	motif_alt_id	sequence_name	start	stop	strand	score	p-value	q-value	matched_sequence
KCCCAGS	DREME-5	chr18	12453	12459	-	11.9091	7.84e-05	0.212	GCCCAGG
KCCCAGS	DREME-5	chrX	61318	61324	+	11.9091	7.84e-05	0.212	GCCCAGG
KCCCAGS	DREME-5	chrX	61313	61319	-	11.9091	7.84e-05	0.212	GCCCAGG
KCCCAGS	DREME-5	chr17	86682	86688	-	11.9091	7.84e-05	0.212	GCCCAGG
KCCCAGS	DREME-5	chrX	187898	187904	+	11.9091	7.84e-05	0.212	GCCCAGG
KCCCAGS	DREME-5	chr16	244310	244316	+	11.9091	7.84e-05	0.212	gcccagg
KCCCAGS	DREME-5	chrX	284695	284701	-	11.9091	7.84e-05	0.212	GCCCAGG
KCCCAGS	DREME-5	chrX	285019	285025	-	11.9091	7.84e-05	0.212	GCCCAGG
KCCCAGS	DREME-5	chr19	325079	325085	+	11.9091	7.84e-05	0.212	GCCCAGG
KCCCAGS	DREME-5	chr19	325206	325212	+	11.9091	7.84e-05	0.212	GCCCAGG
KCCCAGS	DREME-5	chr19	325320	325326	+	11.9091	7.84e-05	0.212	GCCCAGG
KCCCAGS	DREME-5	chr11	330846	330852	-	11.9091	7.84e-05	0.212	GCCCAGG
KCCCAGS	DREME-5	chr7	394064	394070	-	11.9091	7.84e-05	0.212	GCCCAGG
KCCCAGS	DREME-5	chr16	402223	402229	+	11.9091	7.84e-05	0.212	GCCCAGG
KCCCAGS	DREME-5	chr16	402684	402690	+	11.9091	7.84e-05	0.212	gcccagg
KCCCAGS	DREME-5	chr16	403724	403730	+	11.9091	7.84e-05	0.212	GCCCAGG
KCCCAGS	DREME-5	chr16	403781	403787	-	11.9091	7.84e-05	0.212	GCCCAGG
KCCCAGS	DREME-5	chr20	408384	408390	-	11.9091	7.84e-05	0.212	GCCCAGG
KCCCAGS	DREME-5	chr16	429233	429239	+	11.9091	7.84e-05	0.212	GCCCAGG
KCCCAGS	DREME-5	chr7	456029	456035	+	11.9091	7.84e-05	0.212	GCCCAGG
KCCCAGS	DREME-5	chr11	489816	489822	-	11.9091	7.84e-05	0.212	GCCCAGG
KCCCAGS	DREME-5	chr7	553069	553075	-	11.9091	7.84e-05	0.212	GCCCAGG
KCCCAGS	DREME-5	chr10	565173	565179	+	11.9091	7.84e-05	0.212	GCCCAGG
KCCCAGS	DREME-5	chr10	588169	588175	-	11.9091	7.84e-05	0.212	GCCCAGG
KCCCAGS	DREME-5	chr7	629494	629500	+	11.9091	7.84e-05	0.212	GCCCAGG
KCCCAGS	DREME-5	chr12	650835	650841	-	11.9091	7.84e-05	0.212	GCCCAGG
KCCCAGS	DREME-5	chr20	654636	654642	-	11.9091	7.84e-05	0.212	GCCCAGG
KCCCAGS	DREME-5	chr19	728261	728267	+	11.9091	7.84e-05	0.212	GCCCAGG
KCCCAGS	DREME-5	chr4	757859	757865	-	11.9091	7.84e-05	0.212	GCCCAGG
KCCCAGS	DREME-5	chr19	862049	862055	+	11.9091	7.84e-05	0.212	GCCCAGG
KCCCAGS	DREME-5	chr1	903383	903389	-	11.9091	7.84e-05	0.212	GCCCAGG
KCCCAGS	DREME-5	chr1	903616	903622	-	11.9091	7.84e-05	0.212	GCCCAGG
KCCCAGS	DREME-5	chr17	959210	959216	-	11.9091	7.84e-05	0.212	GCCCAGG
KCCCAGS	DREME-5	chr17	959597	959603	+	11.9091	7.84e-05	0.212	GCCCAGG
KCCCAGS	DREME-5	chr19	974900	974906	+	11.9091	7.84e-05	0.212	GCCCAGG
KCCCAGS	DREME-5	chr19	982849	982855	-	11.9091	7.84e-05	0.212	GCCCAGG
KCCCAGS	DREME-5	chr19	983217	983223	+	11.9091	7.84e-05	0.212	gcccagg
KCCCAGS	DREME-5	chr5	990183	990189	-	11.9091	7.84e-05	0.212	GCCCAGG
KCCCAGS	DREME-5	chr4	996887	996893	-	11.9091	7.84e-05	0.212	GCCCAGG
KCCCAGS	DREME-5	chr4	997126	997132	+	11.9091	7.84e-05	0.212	GCCCAGG
KCCCAGS	DREME-5	chr19	1058818	1058824	+	11.9091	7.84e-05	0.212	GCCCAGG
KCCCAGS	DREME-5	chr1	1067916	1067922	+	11.9091	7.84e-05	0.212	GCCCAGG
KCCCAGS	DREME-5	chr19	1074437	1074443	-	11.9091	7.84e-05	0.212	GCCCAGG
KCCCAGS	DREME-5	chr19	1074474	1074480	+	11.9091	7.84e-05	0.212	GCCCAGG
KCCCAGS	DREME-5	chr10	1120486	1120492	-	11.9091	7.84e-05	0.212	GCCCAGG
KCCCAGS	DREME-5	chr7	1136044	1136050	-	11.9091	7.84e-05	0.212	GCCCAGG
KCCCAGS	DREME-5	chr9	1201258	1201264	+	11.9091	7.84e-05	0.212	GCCCAGG
KCCCAGS	DREME-5	chr4	1216274	1216280	-	11.9091	7.84e-05	0.212	GCCCAGG
KCCCAGS	DREME-5	chr4	1216397	1216403	-	11.9091	7.84e-05	0.212	GCCCAGG
KCCCAGS	DREME-5	chr1	1223244	1223250	+	11.9091	7.84e-05	0.212	GCCCAGG
KCCCAGS	DREME-5	chr1	1223263	1223269	-	11.9091	7.84e-05	0.212	GCCCAGG
KCCCAGS	DREME-5	chr1	1226538	1226544	-	11.9091	7.84e-05	0.212	GCCCAGG
KCCCAGS	DREME-5	chr1	1226596	1226602	-	11.9091	7.84e-05	0.212	GCCCAGG
KCCCAGS	DREME-5	chr1	1227062	1227068	+	11.9091	7.84e-05	0.212	GCCCAGG
KCCCAGS	DREME-5	chr1	1227085	1227091	+	11.9091	7.84e-05	0.212	GCCCAGG
KCCCAGS	DREME-5	chr10	1261039	1261045	-	11.9091	7.84e-05	0.212	GCCCAGG
KCCCAGS	DREME-5	chr10	1261327	1261333	+	11.9091	7.84e-05	0.212	GCCCAGG
KCCCAGS	DREME-5	chr2	1269655	1269661	+	11.9091	7.84e-05	0.212	GCCCAGG
KCCCAGS	DREME-5	chr1	1284593	1284599	+	11.9091	7.84e-05	0.212	gcccagg
KCCCAGS	DREME-5	chr1	1285345	1285351	+	11.9091	7.84e-05	0.212	GCCCAGG
KCCCAGS	DREME-5	chr1	1293991	1293997	-	11.9091	7.84e-05	0.212	GCCCAGG
KCCCAGS	DREME-5	chr4	1311796	1311802	+	11.9091	7.84e-05	0.212	GCCCAGG
KCCCAGS	DREME-5	chr1	1354697	1354703	-	11.9091	7.84e-05	0.212	GCCCAGG
KCCCAGS	DREME-5	chr1	1354773	1354779	+	11.9091	7.84e-05	0.212	GCCCAGG
KCCCAGS	DREME-5	chr4	1406412	1406418	-	11.9091	7.84e-05	0.212	GCCCAGG
KCCCAGS	DREME-5	chr3	1409459	1409465	-	11.9091	7.84e-05	0.212	GCCCAGG
KCCCAGS	DREME-5	chrX	1483966	1483972	+	11.9091	7.84e-05	0.212	gcccagg
KCCCAGS	DREME-5	chr2	1492550	1492556	-	11.9091	7.84e-05	0.212	GCCCAGG
KCCCAGS	DREME-5	chr7	1498477	1498483	-	11.9091	7.84e-05	0.212	GCCCAGG
KCCCAGS	DREME-5	chr7	1498565	1498571	+	11.9091	7.84e-05	0.212	GCCCAGG
KCCCAGS	DREME-5	chr7	1499255	1499261	+	11.9091	7.84e-05	0.212	gcccagg
KCCCAGS	DREME-5	chr4	1518792	1518798	-	11.9091	7.84e-05	0.212	GCCCAGG
KCCCAGS	DREME-5	chr2	1567399	1567405	+	11.9091	7.84e-05	0.212	GCCCAGG
KCCCAGS	DREME-5	chrX	1571621	1571627	+	11.9091	7.84e-05	0.212	GCCCAGG
KCCCAGS	DREME-5	chrX	1571627	1571633	+	11.9091	7.84e-05	0.212	GCCCAGG
KCCCAGS	DREME-5	chrX	1571909	1571915	+	11.9091	7.84e-05	0.212	GCCCAGG
KCCCAGS	DREME-5	chrX	1571948	1571954	+	11.9091	7.84e-05	0.212	GCCCAGG
KCCCAGS	DREME-5	chrX	1572063	1572069	+	11.9091	7.84e-05	0.212	gcccagg
KCCCAGS	DREME-5	chrX	1572141	1572147	+	11.9091	7.84e-05	0.212	gcccagg
KCCCAGS	DREME-5	chrX	1572218	1572224	+	11.9091	7.84e-05	0.212	gcccagg
KCCCAGS	DREME-5	chr4	1582347	1582353	+	11.9091	7.84e-05	0.212	gcccagg
KCCCAGS	DREME-5	chr4	1582384	1582390	+	11.9091	7.84e-05	0.212	gcccagg
KCCCAGS	DREME-5	chr4	1621143	1621149	-	11.9091	7.84e-05	0.212	GCCCAGG
KCCCAGS	DREME-5	chr1	1625704	1625710	-	11.9091	7.84e-05	0.212	GCCCAGG
KCCCAGS	DREME-5	chr5	1660469	1660475	-	11.9091	7.84e-05	0.212	GCCCAGG
KCCCAGS	DREME-5	chr2	1708921	1708927	-	11.9091	7.84e-05	0.212	GCCCAGG
KCCCAGS	DREME-5	chr2	1708976	1708982	-	11.9091	7.84e-05	0.212	GCCCAGG
KCCCAGS	DREME-5	chr9	1715702	1715708	-	11.9091	7.84e-05	0.212	GCCCAGG
KCCCAGS	DREME-5	chr7	1789271	1789277	-	11.9091	7.84e-05	0.212	GCCCAGG
KCCCAGS	DREME-5	chr7	1789343	1789349	+	11.9091	7.84e-05	0.212	GCCCAGG
KCCCAGS	DREME-5	chr19	1800036	1800042	+	11.9091	7.84e-05	0.212	GCCCAGG
KCCCAGS	DREME-5	chr19	1837878	1837884	-	11.9091	7.84e-05	0.212	GCCCAGG
KCCCAGS	DREME-5	chr16	1859742	1859748	-	11.9091	7.84e-05	0.212	GCCCAGG
KCCCAGS	DREME-5	chr1	2001311	2001317	-	11.9091	7.84e-05	0.212	GCCCAGG
KCCCAGS	DREME-5	chr19	2014971	2014977	+	11.9091	7.84e-05	0.212	GCCCAGG
KCCCAGS	DREME-5	chr16	2089932	2089938	-	11.9091	7.84e-05	0.212	GCCCAGG
KCCCAGS	DREME-5	chr4	2093795	2093801	-	11.9091	7.84e-05	0.212	GCCCAGG
KCCCAGS	DREME-5	chr4	2093870	2093876	+	11.9091	7.84e-05	0.212	gcccagg
KCCCAGS	DREME-5	chr7	2096380	2096386	+	11.9091	7.84e-05	0.212	GCCCAGG
KCCCAGS	DREME-5	chr11	2115367	2115373	+	11.9091	7.84e-05	0.212	GCCCAGG
KCCCAGS	DREME-5	chr11	2115513	2115519	+	11.9091	7.84e-05	0.212	GCCCAGG
KCCCAGS	DREME-5	chr11	2115677	2115683	+	11.9091	7.84e-05	0.212	GCCCAGG
KCCCAGS	DREME-5	chr11	2145250	2145256	-	11.9091	7.84e-05	0.212	GCCCAGG
KCCCAGS	DREME-5	chr11	2149179	2149185	-	11.9091	7.84e-05	0.212	GCCCAGG
KCCCAGS	DREME-5	chr7	2255269	2255275	+	11.9091	7.84e-05	0.212	GCCCAGG
KCCCAGS	DREME-5	chrX	2281945	2281951	+	11.9091	7.84e-05	0.212	GCCCAGG
KCCCAGS	DREME-5	chrX	2281954	2281960	-	11.9091	7.84e-05	0.212	GCCCAGG
KCCCAGS	DREME-5	chr19	2288745	2288751	+	11.9091	7.84e-05	0.212	GCCCAGG
KCCCAGS	DREME-5	chr5	2292121	2292127	-	11.9091	7.84e-05	0.212	GCCCAGG
KCCCAGS	DREME-5	chr19	2294719	2294725	-	11.9091	7.84e-05	0.212	GCCCAGG
KCCCAGS	DREME-5	chr4	2323655	2323661	+	11.9091	7.84e-05	0.212	GCCCAGG
KCCCAGS	DREME-5	chr4	2323751	2323757	-	11.9091	7.84e-05	0.212	GCCCAGG
KCCCAGS	DREME-5	chr5	2335031	2335037	+	11.9091	7.84e-05	0.212	GCCCAGG
KCCCAGS	DREME-5	chr11	2387765	2387771	+	11.9091	7.84e-05	0.212	GCCCAGG
KCCCAGS	DREME-5	chr11	2388081	2388087	+	11.9091	7.84e-05	0.212	GCCCAGG
KCCCAGS	DREME-5	chr12	2537945	2537951	-	11.9091	7.84e-05	0.212	GCCCAGG
KCCCAGS	DREME-5	chr10	2568953	2568959	-	11.9091	7.84e-05	0.212	GCCCAGG
KCCCAGS	DREME-5	chr17	2605120	2605126	+	11.9091	7.84e-05	0.212	GCCCAGG
KCCCAGS	DREME-5	chr7	2663772	2663778	+	11.9091	7.84e-05	0.212	GCCCAGG
KCCCAGS	DREME-5	chr7	2671664	2671670	+	11.9091	7.84e-05	0.212	gccCAGG
KCCCAGS	DREME-5	chr16	2723626	2723632	-	11.9091	7.84e-05	0.212	GCCCAGG
KCCCAGS	DREME-5	chr12	2761947	2761953	+	11.9091	7.84e-05	0.212	GCCCAGG
KCCCAGS	DREME-5	chr4	2819607	2819613	-	11.9091	7.84e-05	0.212	GCCCAGG
KCCCAGS	DREME-5	chr11	2865474	2865480	+	11.9091	7.84e-05	0.212	GCCCAGG
KCCCAGS	DREME-5	chr11	2865481	2865487	-	11.9091	7.84e-05	0.212	GCCCAGG
KCCCAGS	DREME-5	chr11	2865537	2865543	-	11.9091	7.84e-05	0.212	GCCCAGG
KCCCAGS	DREME-5	chr16	2908266	2908272	-	11.9091	7.84e-05	0.212	GCCCAGG
KCCCAGS	DREME-5	chr16	2908896	2908902	-	11.9091	7.84e-05	0.212	GCCCAGG
KCCCAGS	DREME-5	chr19	3025282	3025288	+	11.9091	7.84e-05	0.212	GCCCAGG
KCCCAGS	DREME-5	chr19	3025627	3025633	+	11.9091	7.84e-05	0.212	GCCCAGG
KCCCAGS	DREME-5	chr19	3093990	3093996	+	11.9091	7.84e-05	0.212	GCCCAGG
KCCCAGS	DREME-5	chr19	3094049	3094055	-	11.9091	7.84e-05	0.212	GCCCAGG
KCCCAGS	DREME-5	chr19	3094257	3094263	+	11.9091	7.84e-05	0.212	gcccagg
KCCCAGS	DREME-5	chr20	3180831	3180837	-	11.9091	7.84e-05	0.212	GCCCAGG
KCCCAGS	DREME-5	chr19	3201743	3201749	+	11.9091	7.84e-05	0.212	GCCCAGG
KCCCAGS	DREME-5	chr1	3457018	3457024	+	11.9091	7.84e-05	0.212	GCCCAGG
KCCCAGS	DREME-5	chr1	3457031	3457037	-	11.9091	7.84e-05	0.212	GCCCAGG
KCCCAGS	DREME-5	chr19	3480820	3480826	+	11.9091	7.84e-05	0.212	GCCCAGG
KCCCAGS	DREME-5	chr17	3480876	3480882	+	11.9091	7.84e-05	0.212	GCCCAGG
KCCCAGS	DREME-5	chr17	3481197	3481203	+	11.9091	7.84e-05	0.212	GCCCAGG
KCCCAGS	DREME-5	chr4	3499437	3499443	+	11.9091	7.84e-05	0.212	GCCCAGG
KCCCAGS	DREME-5	chr4	3499531	3499537	-	11.9091	7.84e-05	0.212	GCCCAGG
KCCCAGS	DREME-5	chr4	3499620	3499626	-	11.9091	7.84e-05	0.212	GCCCAGG
KCCCAGS	DREME-5	chr19	3513663	3513669	-	11.9091	7.84e-05	0.212	GCCCAGG
KCCCAGS	DREME-5	chr19	3562607	3562613	+	11.9091	7.84e-05	0.212	gcccagg
KCCCAGS	DREME-5	chr10	3594369	3594375	+	11.9091	7.84e-05	0.212	GCCCAGG
KCCCAGS	DREME-5	chr19	3700615	3700621	+	11.9091	7.84e-05	0.212	GCCCAGG
KCCCAGS	DREME-5	chr17	3816803	3816809	+	11.9091	7.84e-05	0.212	GCCCAGG
KCCCAGS	DREME-5	chr17	3892502	3892508	+	11.9091	7.84e-05	0.212	gcccagg
KCCCAGS	DREME-5	chr8	3902178	3902184	-	11.9091	7.84e-05	0.212	GCCCAGG
KCCCAGS	DREME-5	chr8	3902258	3902264	-	11.9091	7.84e-05	0.212	GCCCAGG
KCCCAGS	DREME-5	chr17	4277411	4277417	+	11.9091	7.84e-05	0.212	gcccagg
KCCCAGS	DREME-5	chr19	4514249	4514255	+	11.9091	7.84e-05	0.212	gcccagg
KCCCAGS	DREME-5	chr19	4514269	4514275	-	11.9091	7.84e-05	0.212	GCCCAGG
KCCCAGS	DREME-5	chr19	4575953	4575959	+	11.9091	7.84e-05	0.212	gcccagg
KCCCAGS	DREME-5	chr19	4591544	4591550	-	11.9091	7.84e-05	0.212	GCCCAGG
KCCCAGS	DREME-5	chr20	4809614	4809620	+	11.9091	7.84e-05	0.212	gcccagg
KCCCAGS	DREME-5	chr17	4915470	4915476	-	11.9091	7.84e-05	0.212	GCCCAGG
KCCCAGS	DREME-5	chr17	4943693	4943699	-	11.9091	7.84e-05	0.212	GCCCAGG
KCCCAGS	DREME-5	chr16	5046382	5046388	-	11.9091	7.84e-05	0.212	GCCCAGG
KCCCAGS	DREME-5	chr12	5185982	5185988	+	11.9091	7.84e-05	0.212	GCCCAGG
KCCCAGS	DREME-5	chr19	5444251	5444257	-	11.9091	7.84e-05	0.212	GCCCAGG
KCCCAGS	DREME-5	chr3	5490550	5490556	-	11.9091	7.84e-05	0.212	GCCCAGG
KCCCAGS	DREME-5	chr1	5564187	5564193	-	11.9091	7.84e-05	0.212	GCCCAGG
KCCCAGS	DREME-5	chr7	5626419	5626425	+	11.9091	7.84e-05	0.212	GCCCAGG
KCCCAGS	DREME-5	chr7	5655475	5655481	+	11.9091	7.84e-05	0.212	GCCCAGG
KCCCAGS	DREME-5	chr7	5655643	5655649	-	11.9091	7.84e-05	0.212	GCCCAGG
KCCCAGS	DREME-5	chr4	6013594	6013600	-	11.9091	7.84e-05	0.212	GCCCAGG
KCCCAGS	DREME-5	chr4	6013621	6013627	-	11.9091	7.84e-05	0.212	GCCCAGG
KCCCAGS	DREME-5	chr12	6333782	6333788	-	11.9091	7.84e-05	0.212	GCCCAGG
KCCCAGS	DREME-5	chr19	6444083	6444089	+	11.9091	7.84e-05	0.212	GCCCAGG
KCCCAGS	DREME-5	chr19	6444148	6444154	+	11.9091	7.84e-05	0.212	GCCCAGG
KCCCAGS	DREME-5	chr4	6622055	6622061	+	11.9091	7.84e-05	0.212	GCCCAGG
KCCCAGS	DREME-5	chr6	7032779	7032785	+	11.9091	7.84e-05	0.212	gcccagg
KCCCAGS	DREME-5	chrX	7081236	7081242	-	11.9091	7.84e-05	0.212	GCCCAGG
KCCCAGS	DREME-5	chr6	7500726	7500732	+	11.9091	7.84e-05	0.212	GCCCAGG
KCCCAGS	DREME-5	chr17	7578326	7578332	-	11.9091	7.84e-05	0.212	GCCCAGG
KCCCAGS	DREME-5	chr4	7622864	7622870	-	11.9091	7.84e-05	0.212	GCCCAGG
KCCCAGS	DREME-5	chr4	7622922	7622928	+	11.9091	7.84e-05	0.212	GCCCAGG
KCCCAGS	DREME-5	chr1	7701863	7701869	+	11.9091	7.84e-05	0.212	GCCCAGG
KCCCAGS	DREME-5	chr17	7710883	7710889	+	11.9091	7.84e-05	0.212	GCCCAGG
KCCCAGS	DREME-5	chr5	7851080	7851086	-	11.9091	7.84e-05	0.212	GCCCAGG
KCCCAGS	DREME-5	chr5	7851181	7851187	+	11.9091	7.84e-05	0.212	GCCCAGG
KCCCAGS	DREME-5	chr11	7966816	7966822	+	11.9091	7.84e-05	0.212	gcccagg
KCCCAGS	DREME-5	chr17	7989206	7989212	+	11.9091	7.84e-05	0.212	GCCCAGG
KCCCAGS	DREME-5	chr11	8120968	8120974	-	11.9091	7.84e-05	0.212	GCCCAGG
KCCCAGS	DREME-5	chr19	8127343	8127349	-	11.9091	7.84e-05	0.212	GCCCAGG
KCCCAGS	DREME-5	chr17	8138348	8138354	-	11.9091	7.84e-05	0.212	GCCCAGG
KCCCAGS	DREME-5	chr1	8222361	8222367	-	11.9091	7.84e-05	0.212	GCCCAGG
KCCCAGS	DREME-5	chr10	8298357	8298363	-	11.9091	7.84e-05	0.212	GCCCAGG
KCCCAGS	DREME-5	chr16	8589211	8589217	-	11.9091	7.84e-05	0.212	GCCCAGG
KCCCAGS	DREME-5	chr18	8612557	8612563	+	11.9091	7.84e-05	0.212	GCCCAGG
KCCCAGS	DREME-5	chr17	9025020	9025026	+	11.9091	7.84e-05	0.212	GCCCAGG
KCCCAGS	DREME-5	chr17	9036441	9036447	-	11.9091	7.84e-05	0.212	GCCCAGG
KCCCAGS	DREME-5	chr18	9234304	9234310	+	11.9091	7.84e-05	0.212	gcccagg
KCCCAGS	DREME-5	chr1	9324380	9324386	-	11.9091	7.84e-05	0.212	GCCCAGG
KCCCAGS	DREME-5	chr19	9902240	9902246	-	11.9091	7.84e-05	0.212	GCCCAGG
KCCCAGS	DREME-5	chr19	9929190	9929196	+	11.9091	7.84e-05	0.212	GCCCAGG
KCCCAGS	DREME-5	chr17	9938879	9938885	+	11.9091	7.84e-05	0.212	GCCCAGG
KCCCAGS	DREME-5	chr4	10015438	10015444	-	11.9091	7.84e-05	0.212	GCCCAGG
KCCCAGS	DREME-5	chr4	10015500	10015506	-	11.9091	7.84e-05	0.212	GCCCAGG
KCCCAGS	DREME-5	chr3	10057238	10057244	-	11.9091	7.84e-05	0.212	GCCCAGG
KCCCAGS	DREME-5	chr2	10302513	10302519	+	11.9091	7.84e-05	0.212	gcccagg
KCCCAGS	DREME-5	chr2	10302772	10302778	+	11.9091	7.84e-05	0.212	GCCCAGG
KCCCAGS	DREME-5	chr11	10311029	10311035	+	11.9091	7.84e-05	0.212	gcccagg
KCCCAGS	DREME-5	chr11	10311131	10311137	-	11.9091	7.84e-05	0.212	GCCCAGG
KCCCAGS	DREME-5	chr19	10561640	10561646	-	11.9091	7.84e-05	0.212	GCCCAGG
KCCCAGS	DREME-5	chr19	10561790	10561796	-	11.9091	7.84e-05	0.212	GCCCAGG
KCCCAGS	DREME-5	chr19	10561946	10561952	-	11.9091	7.84e-05	0.212	GCCCAGG
KCCCAGS	DREME-5	chr8	10562620	10562626	-	11.9091	7.84e-05	0.212	GCCCAGG
KCCCAGS	DREME-5	chr17	10689720	10689726	+	11.9091	7.84e-05	0.212	GCCCAGG
KCCCAGS	DREME-5	chr19	10754932	10754938	-	11.9091	7.84e-05	0.212	GCCCAGG
KCCCAGS	DREME-5	chr19	10755517	10755523	+	11.9091	7.84e-05	0.212	GCCCAGG
KCCCAGS	DREME-5	chr16	10932586	10932592	+	11.9091	7.84e-05	0.212	gcccagg
KCCCAGS	DREME-5	chr19	10941048	10941054	+	11.9091	7.84e-05	0.212	GCCCAGG
KCCCAGS	DREME-5	chr2	10975660	10975666	+	11.9091	7.84e-05	0.212	GCCCAGG
KCCCAGS	DREME-5	chr21	11113609	11113615	+	11.9091	7.84e-05	0.212	gcccagg
KCCCAGS	DREME-5	chr21	11113748	11113754	+	11.9091	7.84e-05	0.212	gcccagg
KCCCAGS	DREME-5	chr2	11295646	11295652	+	11.9091	7.84e-05	0.212	GCCCAGG
KCCCAGS	DREME-5	chr2	11295874	11295880	+	11.9091	7.84e-05	0.212	GCCCAGG
KCCCAGS	DREME-5	chr1	11489378	11489384	+	11.9091	7.84e-05	0.212	GCCCAGG
KCCCAGS	DREME-5	chr1	11489431	11489437	-	11.9091	7.84e-05	0.212	GCCCAGG
KCCCAGS	DREME-5	chr16	11597440	11597446	-	11.9091	7.84e-05	0.212	GCCCAGG
KCCCAGS	DREME-5	chr1	11610916	11610922	+	11.9091	7.84e-05	0.212	GCCCAGG
KCCCAGS	DREME-5	chr16	11628065	11628071	+	11.9091	7.84e-05	0.212	gcccagg
KCCCAGS	DREME-5	chr10	11730057	11730063	-	11.9091	7.84e-05	0.212	GCCCAGG
KCCCAGS	DREME-5	chr19	11735642	11735648	-	11.9091	7.84e-05	0.212	GCCCAGG
KCCCAGS	DREME-5	chr19	11735788	11735794	+	11.9091	7.84e-05	0.212	gcccagg
KCCCAGS	DREME-5	chr2	12008279	12008285	+	11.9091	7.84e-05	0.212	gcccagg
KCCCAGS	DREME-5	chr16	12083284	12083290	-	11.9091	7.84e-05	0.212	GCCCAGG
KCCCAGS	DREME-5	chr1	12156023	12156029	-	11.9091	7.84e-05	0.212	GCCCAGG
KCCCAGS	DREME-5	chr11	13087347	13087353	-	11.9091	7.84e-05	0.212	GCCCAGG
KCCCAGS	DREME-5	chr10	13097421	13097427	-	11.9091	7.84e-05	0.212	GCCCAGG
KCCCAGS	DREME-5	chr18	13103186	13103192	-	11.9091	7.84e-05	0.212	GCCCAGG
KCCCAGS	DREME-5	chr18	13216164	13216170	-	11.9091	7.84e-05	0.212	GCCCAGG
KCCCAGS	DREME-5	chr18	13254114	13254120	+	11.9091	7.84e-05	0.212	GCCCAGG
KCCCAGS	DREME-5	chr18	13254222	13254228	+	11.9091	7.84e-05	0.212	GCCCAGG
KCCCAGS	DREME-5	chr3	13413551	13413557	-	11.9091	7.84e-05	0.212	GCCCAGG
KCCCAGS	DREME-5	chr3	13457721	13457727	+	11.9091	7.84e-05	0.212	GCCCAGG
KCCCAGS	DREME-5	chr19	13824111	13824117	+	11.9091	7.84e-05	0.212	gcccagg
KCCCAGS	DREME-5	chr19	13824162	13824168	-	11.9091	7.84e-05	0.212	GCCCAGG
KCCCAGS	DREME-5	chr12	13917294	13917300	+	11.9091	7.84e-05	0.212	GCCCAGG
KCCCAGS	DREME-5	chr19	14042965	14042971	-	11.9091	7.84e-05	0.212	GCCCAGG
KCCCAGS	DREME-5	chr18	14171797	14171803	+	11.9091	7.84e-05	0.212	gcccagg
KCCCAGS	DREME-5	chr17	14696215	14696221	+	11.9091	7.84e-05	0.212	GCCCAGG
KCCCAGS	DREME-5	chr21	15077397	15077403	-	11.9091	7.84e-05	0.212	GCCCAGG
KCCCAGS	DREME-5	chr1	15240367	15240373	+	11.9091	7.84e-05	0.212	GCCCAGG
KCCCAGS	DREME-5	chr10	15387758	15387764	-	11.9091	7.84e-05	0.212	GCCCAGG
KCCCAGS	DREME-5	chr10	15448425	15448431	+	11.9091	7.84e-05	0.212	GCCCAGG
KCCCAGS	DREME-5	chr19	15611150	15611156	+	11.9091	7.84e-05	0.212	gcccagg
KCCCAGS	DREME-5	chr19	15611276	15611282	+	11.9091	7.84e-05	0.212	gcccagg
KCCCAGS	DREME-5	chr11	15925033	15925039	+	11.9091	7.84e-05	0.212	GCCCAGG
KCCCAGS	DREME-5	chr11	15925127	15925133	-	11.9091	7.84e-05	0.212	GCCCAGG
KCCCAGS	DREME-5	chr2	16105658	16105664	+	11.9091	7.84e-05	0.212	GCCCAGG
KCCCAGS	DREME-5	chr5	16195500	16195506	-	11.9091	7.84e-05	0.212	GCCCAGG
KCCCAGS	DREME-5	chr19	16200517	16200523	+	11.9091	7.84e-05	0.212	gcccagg
KCCCAGS	DREME-5	chr19	16259745	16259751	-	11.9091	7.84e-05	0.212	GCCCAGG
KCCCAGS	DREME-5	chr19	16259962	16259968	+	11.9091	7.84e-05	0.212	GCCCAGG
KCCCAGS	DREME-5	chr16	16326419	16326425	-	11.9091	7.84e-05	0.212	GCCCAGG
KCCCAGS	DREME-5	chr19	16344438	16344444	+	11.9091	7.84e-05	0.212	GCCCAGG
KCCCAGS	DREME-5	chr1	16375131	16375137	-	11.9091	7.84e-05	0.212	GCCCAGG
KCCCAGS	DREME-5	chr1	16375455	16375461	+	11.9091	7.84e-05	0.212	GCCCAGG
KCCCAGS	DREME-5	chr1	16382379	16382385	-	11.9091	7.84e-05	0.212	GCCCAGG
KCCCAGS	DREME-5	chr1	16538766	16538772	+	11.9091	7.84e-05	0.212	GCCCAGG
KCCCAGS	DREME-5	chr1	16748522	16748528	-	11.9091	7.84e-05	0.212	GCCCAGG
KCCCAGS	DREME-5	chrX	16964616	16964622	-	11.9091	7.84e-05	0.212	GCCCAGG
KCCCAGS	DREME-5	chr19	16978099	16978105	-	11.9091	7.84e-05	0.212	GCCCAGG
KCCCAGS	DREME-5	chr19	16997132	16997138	-	11.9091	7.84e-05	0.212	GCCCAGG
KCCCAGS	DREME-5	chr19	16997279	16997285	-	11.9091	7.84e-05	0.212	GCCCAGG
KCCCAGS	DREME-5	chr19	16997561	16997567	+	11.9091	7.84e-05	0.212	gcccagg
KCCCAGS	DREME-5	chr19	17007383	17007389	-	11.9091	7.84e-05	0.212	GCCCAGG
KCCCAGS	DREME-5	chr1	17034221	17034227	-	11.9091	7.84e-05	0.212	GCCCAGG
KCCCAGS	DREME-5	chr19	17236082	17236088	-	11.9091	7.84e-05	0.212	GCCCAGG
KCCCAGS	DREME-5	chr19	17331805	17331811	+	11.9091	7.84e-05	0.212	gcccagg
KCCCAGS	DREME-5	chr19	17476487	17476493	+	11.9091	7.84e-05	0.212	GCCCAGG
KCCCAGS	DREME-5	chr17	17635628	17635634	-	11.9091	7.84e-05	0.212	GCCCAGG
KCCCAGS	DREME-5	chr17	17636256	17636262	+	11.9091	7.84e-05	0.212	gcccagg
KCCCAGS	DREME-5	chr19	17713553	17713559	+	11.9091	7.84e-05	0.212	GCCCAGG
KCCCAGS	DREME-5	chr7	17946891	17946897	+	11.9091	7.84e-05	0.212	GCCCAGG
KCCCAGS	DREME-5	chrX	18414299	18414305	-	11.9091	7.84e-05	0.212	GCCCAGG
KCCCAGS	DREME-5	chr22	18912501	18912507	+	11.9091	7.84e-05	0.212	GCCCAGG
KCCCAGS	DREME-5	chr22	18912780	18912786	+	11.9091	7.84e-05	0.212	GCCCAGG
KCCCAGS	DREME-5	chr22	18955964	18955970	+	11.9091	7.84e-05	0.212	GCCCAGG
KCCCAGS	DREME-5	chr19	19194532	19194538	-	11.9091	7.84e-05	0.212	GCCCAGG
KCCCAGS	DREME-5	chr19	19210215	19210221	+	11.9091	7.84e-05	0.212	GCCCAGG
KCCCAGS	DREME-5	chr11	19220665	19220671	+	11.9091	7.84e-05	0.212	GCCCAGG
KCCCAGS	DREME-5	chr11	19220863	19220869	+	11.9091	7.84e-05	0.212	GCCCAGG
KCCCAGS	DREME-5	chr19	19472105	19472111	-	11.9091	7.84e-05	0.212	GCCCAGG
KCCCAGS	DREME-5	chr19	19528964	19528970	-	11.9091	7.84e-05	0.212	GCCCAGG
KCCCAGS	DREME-5	chr7	19658838	19658844	+	11.9091	7.84e-05	0.212	GCCCAGG
KCCCAGS	DREME-5	chr19	19748482	19748488	-	11.9091	7.84e-05	0.212	GCCCAGG
KCCCAGS	DREME-5	chr22	19751102	19751108	-	11.9091	7.84e-05	0.212	GCCCAGG
KCCCAGS	DREME-5	chr2	19854613	19854619	+	11.9091	7.84e-05	0.212	gcccagg
KCCCAGS	DREME-5	chr2	19854623	19854629	+	11.9091	7.84e-05	0.212	gcccagg
KCCCAGS	DREME-5	chr8	20128790	20128796	+	11.9091	7.84e-05	0.212	GCCCAGG
KCCCAGS	DREME-5	chr22	20169008	20169014	+	11.9091	7.84e-05	0.212	GCCCAGG
KCCCAGS	DREME-5	chr22	20169466	20169472	-	11.9091	7.84e-05	0.212	GCCCAGG
KCCCAGS	DREME-5	chr15	20859199	20859205	+	11.9091	7.84e-05	0.212	gcccagg
KCCCAGS	DREME-5	chr22	20946132	20946138	+	11.9091	7.84e-05	0.212	GCCCAGG
KCCCAGS	DREME-5	chr8	21422053	21422059	-	11.9091	7.84e-05	0.212	GCCCAGG
KCCCAGS	DREME-5	chr1	21558830	21558836	+	11.9091	7.84e-05	0.212	gcccagg
KCCCAGS	DREME-5	chr1	21558881	21558887	-	11.9091	7.84e-05	0.212	GCCCAGG
KCCCAGS	DREME-5	chr1	21584062	21584068	+	11.9091	7.84e-05	0.212	GCCCAGG
KCCCAGS	DREME-5	chr8	22407171	22407177	+	11.9091	7.84e-05	0.212	GCCCAGG
KCCCAGS	DREME-5	chr22	22511684	22511690	+	11.9091	7.84e-05	0.212	GCCCAGG
KCCCAGS	DREME-5	chr20	22768677	22768683	-	11.9091	7.84e-05	0.212	GCCCAGG
KCCCAGS	DREME-5	chr1	22884354	22884360	-	11.9091	7.84e-05	0.212	GCCCAGG
KCCCAGS	DREME-5	chr8	23101144	23101150	-	11.9091	7.84e-05	0.212	GCCCAGG
KCCCAGS	DREME-5	chr22	23264030	23264036	+	11.9091	7.84e-05	0.212	GCCCAGG
KCCCAGS	DREME-5	chr2	23365237	23365243	-	11.9091	7.84e-05	0.212	GCCCAGG
KCCCAGS	DREME-5	chr19	23386857	23386863	+	11.9091	7.84e-05	0.212	GCCCAGG
KCCCAGS	DREME-5	chr2	23454833	23454839	-	11.9091	7.84e-05	0.212	GCCCAGG
KCCCAGS	DREME-5	chr8	23600572	23600578	-	11.9091	7.84e-05	0.212	GCCCAGG
KCCCAGS	DREME-5	chr7	23944565	23944571	+	11.9091	7.84e-05	0.212	gcccagg
KCCCAGS	DREME-5	chr19	23960218	23960224	-	11.9091	7.84e-05	0.212	GCCCAGG
KCCCAGS	DREME-5	chrX	24156337	24156343	-	11.9091	7.84e-05	0.212	GCCCAGG
KCCCAGS	DREME-5	chr2	24789565	24789571	+	11.9091	7.84e-05	0.212	gcccagg
KCCCAGS	DREME-5	chr6	24856047	24856053	+	11.9091	7.84e-05	0.212	gcccagg
KCCCAGS	DREME-5	chr6	24856067	24856073	-	11.9091	7.84e-05	0.212	GCCCAGG
KCCCAGS	DREME-5	chr20	24899588	24899594	-	11.9091	7.84e-05	0.212	GCCCAGG
KCCCAGS	DREME-5	chrX	25021357	25021363	-	11.9091	7.84e-05	0.212	GCCCAGG
KCCCAGS	DREME-5	chr2	25082791	25082797	-	11.9091	7.84e-05	0.212	GCCCAGG
KCCCAGS	DREME-5	chr2	25382995	25383001	-	11.9091	7.84e-05	0.212	GCCCAGG
KCCCAGS	DREME-5	chr22	25758149	25758155	+	11.9091	7.84e-05	0.212	GCCCAGG
KCCCAGS	DREME-5	chr22	25758300	25758306	+	11.9091	7.84e-05	0.212	GCCCAGG
KCCCAGS	DREME-5	chr22	25758327	25758333	+	11.9091	7.84e-05	0.212	GCCCAGG
KCCCAGS	DREME-5	chr8	25933656	25933662	-	11.9091	7.84e-05	0.212	GCCCAGG
KCCCAGS	DREME-5	chr17	25938336	25938342	+	11.9091	7.84e-05	0.212	GCCCAGG
KCCCAGS	DREME-5	chr17	25938459	25938465	-	11.9091	7.84e-05	0.212	GCCCAGG
KCCCAGS	DREME-5	chr17	25938483	25938489	+	11.9091	7.84e-05	0.212	GCCCAGG
KCCCAGS	DREME-5	chr17	25981435	25981441	-	11.9091	7.84e-05	0.212	GCCCAGG
KCCCAGS	DREME-5	chr2	26395612	26395618	-	11.9091	7.84e-05	0.212	GCCCAGG
KCCCAGS	DREME-5	chr2	26396028	26396034	-	11.9091	7.84e-05	0.212	GCCCAGG
KCCCAGS	DREME-5	chr2	26396383	26396389	-	11.9091	7.84e-05	0.212	GCCCAGG
KCCCAGS	DREME-5	chr1	26421480	26421486	+	11.9091	7.84e-05	0.212	GCCCAGG
KCCCAGS	DREME-5	chr1	26421588	26421594	+	11.9091	7.84e-05	0.212	GCCCAGG
KCCCAGS	DREME-5	chr6	26597356	26597362	-	11.9091	7.84e-05	0.212	GCCCAGG
KCCCAGS	DREME-5	chr1	26658000	26658006	+	11.9091	7.84e-05	0.212	GCCCAGG
KCCCAGS	DREME-5	chr1	26658160	26658166	+	11.9091	7.84e-05	0.212	GCCCAGG
KCCCAGS	DREME-5	chr5	26791657	26791663	+	11.9091	7.84e-05	0.212	gcccagg
KCCCAGS	DREME-5	chr7	26822281	26822287	-	11.9091	7.84e-05	0.212	GCCCAGG
KCCCAGS	DREME-5	chr22	26888404	26888410	+	11.9091	7.84e-05	0.212	GCCCAGG
KCCCAGS	DREME-5	chr2	27039982	27039988	+	11.9091	7.84e-05	0.212	GCCCAGG
KCCCAGS	DREME-5	chr22	27062754	27062760	-	11.9091	7.84e-05	0.212	GCCCAGG
KCCCAGS	DREME-5	chr22	27062865	27062871	-	11.9091	7.84e-05	0.212	GCCCAGG
KCCCAGS	DREME-5	chr15	27112537	27112543	-	11.9091	7.84e-05	0.212	GCCCAGG
KCCCAGS	DREME-5	chr15	27113022	27113028	+	11.9091	7.84e-05	0.212	GCCCAGG
KCCCAGS	DREME-5	chr1	27204494	27204500	-	11.9091	7.84e-05	0.212	GCCCAGG
KCCCAGS	DREME-5	chr17	27346926	27346932	+	11.9091	7.84e-05	0.212	GCCCAGG
KCCCAGS	DREME-5	chr1	27488449	27488455	-	11.9091	7.84e-05	0.212	GCCCAGG
KCCCAGS	DREME-5	chr1	27488568	27488574	+	11.9091	7.84e-05	0.212	gcccagg
KCCCAGS	DREME-5	chr1	27488611	27488617	-	11.9091	7.84e-05	0.212	GCCCAGG
KCCCAGS	DREME-5	chr6	27516567	27516573	-	11.9091	7.84e-05	0.212	GCCCAGG
KCCCAGS	DREME-5	chr16	27527332	27527338	+	11.9091	7.84e-05	0.212	gcccagg
KCCCAGS	DREME-5	chr16	27582957	27582963	-	11.9091	7.84e-05	0.212	GCCCAGG
KCCCAGS	DREME-5	chr12	27631387	27631393	-	11.9091	7.84e-05	0.212	GCCCAGG
KCCCAGS	DREME-5	chr16	27978837	27978843	+	11.9091	7.84e-05	0.212	gcccagg
KCCCAGS	DREME-5	chr16	27978860	27978866	-	11.9091	7.84e-05	0.212	GCCCAGG
KCCCAGS	DREME-5	chr2	28095042	28095048	+	11.9091	7.84e-05	0.212	gcccagg
KCCCAGS	DREME-5	chr19	28267097	28267103	-	11.9091	7.84e-05	0.212	GCCCAGG
KCCCAGS	DREME-5	chr1	28316829	28316835	+	11.9091	7.84e-05	0.212	GCCCAGG
KCCCAGS	DREME-5	chr16	28525821	28525827	+	11.9091	7.84e-05	0.212	GCCCAGG
KCCCAGS	DREME-5	chr16	28525848	28525854	-	11.9091	7.84e-05	0.212	GCCCAGG
KCCCAGS	DREME-5	chr16	28525983	28525989	+	11.9091	7.84e-05	0.212	GCCCAGG
KCCCAGS	DREME-5	chr17	28544369	28544375	-	11.9091	7.84e-05	0.212	GCCCAGG
KCCCAGS	DREME-5	chr17	28544451	28544457	+	11.9091	7.84e-05	0.212	GCCCAGG
KCCCAGS	DREME-5	chr2	28675499	28675505	-	11.9091	7.84e-05	0.212	GCCCAGG
KCCCAGS	DREME-5	chr22	29210199	29210205	-	11.9091	7.84e-05	0.212	GCCCAGG
KCCCAGS	DREME-5	chr1	29211327	29211333	+	11.9091	7.84e-05	0.212	GCCCAGG
KCCCAGS	DREME-5	chr19	29362347	29362353	+	11.9091	7.84e-05	0.212	GCCCAGG
KCCCAGS	DREME-5	chr19	29362381	29362387	+	11.9091	7.84e-05	0.212	GCCCAGG
KCCCAGS	DREME-5	chr19	29362415	29362421	+	11.9091	7.84e-05	0.212	GCCCAGG
KCCCAGS	DREME-5	chr19	29362449	29362455	+	11.9091	7.84e-05	0.212	GCCCAGG
KCCCAGS	DREME-5	chr19	29362583	29362589	+	11.9091	7.84e-05	0.212	GCCCAGG
KCCCAGS	DREME-5	chr10	29478966	29478972	+	11.9091	7.84e-05	0.212	gcccagg
KCCCAGS	DREME-5	chr2	29506527	29506533	-	11.9091	7.84e-05	0.212	GCCCAGG
KCCCAGS	DREME-5	chr1	29554477	29554483	-	11.9091	7.84e-05	0.212	GCCCAGG
KCCCAGS	DREME-5	chr22	29765665	29765671	+	11.9091	7.84e-05	0.212	gcccagg
KCCCAGS	DREME-5	chr19	29768215	29768221	+	11.9091	7.84e-05	0.212	gcccagg
KCCCAGS	DREME-5	chr6	29781765	29781771	+	11.9091	7.84e-05	0.212	GCCCAGG
KCCCAGS	DREME-5	chr6	29782216	29782222	+	11.9091	7.84e-05	0.212	GCCCAGG
KCCCAGS	DREME-5	chr17	29799502	29799508	+	11.9091	7.84e-05	0.212	GCCCAGG
KCCCAGS	DREME-5	chr7	29940583	29940589	+	11.9091	7.84e-05	0.212	GCCCAGG
KCCCAGS	DREME-5	chr7	29940619	29940625	+	11.9091	7.84e-05	0.212	GCCCAGG
KCCCAGS	DREME-5	chr10	30131017	30131023	-	11.9091	7.84e-05	0.212	GCCCAGG
KCCCAGS	DREME-5	chr15	30142002	30142008	-	11.9091	7.84e-05	0.212	GCCCAGG
KCCCAGS	DREME-5	chr19	30171681	30171687	+	11.9091	7.84e-05	0.212	GCCCAGG
KCCCAGS	DREME-5	chr19	30171826	30171832	+	11.9091	7.84e-05	0.212	GCCCAGG
KCCCAGS	DREME-5	chr19	30171920	30171926	-	11.9091	7.84e-05	0.212	GCCCAGG
KCCCAGS	DREME-5	chr20	30275730	30275736	-	11.9091	7.84e-05	0.212	GCCCAGG
KCCCAGS	DREME-5	chr2	30651059	30651065	+	11.9091	7.84e-05	0.212	GCCCAGG
KCCCAGS	DREME-5	chr7	30700602	30700608	+	11.9091	7.84e-05	0.212	GCCCAGG
KCCCAGS	DREME-5	chr22	30856335	30856341	+	11.9091	7.84e-05	0.212	GCCCAGG
KCCCAGS	DREME-5	chr16	31153946	31153952	-	11.9091	7.84e-05	0.212	GCCCAGG
KCCCAGS	DREME-5	chr12	31556204	31556210	+	11.9091	7.84e-05	0.212	GCCCAGG
KCCCAGS	DREME-5	chr12	31556498	31556504	-	11.9091	7.84e-05	0.212	GCCCAGG
KCCCAGS	DREME-5	chr1	31692464	31692470	+	11.9091	7.84e-05	0.212	GCCCAGG
KCCCAGS	DREME-5	chr3	31832327	31832333	-	11.9091	7.84e-05	0.212	GCCCAGG
KCCCAGS	DREME-5	chr3	31843043	31843049	+	11.9091	7.84e-05	0.212	gcccagg
KCCCAGS	DREME-5	chr5	32012224	32012230	+	11.9091	7.84e-05	0.212	GCCCAGG
KCCCAGS	DREME-5	chr1	32238531	32238537	-	11.9091	7.84e-05	0.212	GCCCAGG
KCCCAGS	DREME-5	chr5	32265421	32265427	-	11.9091	7.84e-05	0.212	GCCCAGG
KCCCAGS	DREME-5	chr17	32305317	32305323	+	11.9091	7.84e-05	0.212	GCCCAGG
KCCCAGS	DREME-5	chr3	32470072	32470078	-	11.9091	7.84e-05	0.212	GCCCAGG
KCCCAGS	DREME-5	chr15	32907682	32907688	-	11.9091	7.84e-05	0.212	GCCCAGG
KCCCAGS	DREME-5	chr15	33090690	33090696	-	11.9091	7.84e-05	0.212	GCCCAGG
KCCCAGS	DREME-5	chr21	33145671	33145677	-	11.9091	7.84e-05	0.212	GCCCAGG
KCCCAGS	DREME-5	chr1	33359016	33359022	+	11.9091	7.84e-05	0.212	GCCCAGG
KCCCAGS	DREME-5	chr13	33479123	33479129	-	11.9091	7.84e-05	0.212	GCCCAGG
KCCCAGS	DREME-5	chr1	33684516	33684522	+	11.9091	7.84e-05	0.212	GCCCAGG
KCCCAGS	DREME-5	chr13	33693341	33693347	-	11.9091	7.84e-05	0.212	GCCCAGG
KCCCAGS	DREME-5	chr1	33799947	33799953	+	11.9091	7.84e-05	0.212	GCCCAGG
KCCCAGS	DREME-5	chr20	33813987	33813993	+	11.9091	7.84e-05	0.212	GCCCAGG
KCCCAGS	DREME-5	chr17	34059446	34059452	-	11.9091	7.84e-05	0.212	GCCCAGG
KCCCAGS	DREME-5	chr17	34078061	34078067	+	11.9091	7.84e-05	0.212	GCCCAGG
KCCCAGS	DREME-5	chr11	34176056	34176062	-	11.9091	7.84e-05	0.212	GCCCAGG
KCCCAGS	DREME-5	chr10	34300027	34300033	+	11.9091	7.84e-05	0.212	GCCCAGG
KCCCAGS	DREME-5	chr16	34801629	34801635	+	11.9091	7.84e-05	0.212	gcccagg
KCCCAGS	DREME-5	chr16	34801699	34801705	+	11.9091	7.84e-05	0.212	gcccagg
KCCCAGS	DREME-5	chr18	35065332	35065338	+	11.9091	7.84e-05	0.212	GCCCAGG
KCCCAGS	DREME-5	chr7	35301450	35301456	+	11.9091	7.84e-05	0.212	GCCCAGG
KCCCAGS	DREME-5	chr21	35531095	35531101	+	11.9091	7.84e-05	0.212	gcccagg
KCCCAGS	DREME-5	chr19	35551185	35551191	-	11.9091	7.84e-05	0.212	GCCCAGG
KCCCAGS	DREME-5	chr19	35551200	35551206	-	11.9091	7.84e-05	0.212	GCCCAGG
KCCCAGS	DREME-5	chr19	35551490	35551496	+	11.9091	7.84e-05	0.212	GCCCAGG
KCCCAGS	DREME-5	chr19	35551576	35551582	+	11.9091	7.84e-05	0.212	GCCCAGG
KCCCAGS	DREME-5	chr1	35727387	35727393	+	11.9091	7.84e-05	0.212	gcccagg
KCCCAGS	DREME-5	chr22	35748926	35748932	+	11.9091	7.84e-05	0.212	GCCCAGG
KCCCAGS	DREME-5	chr22	35748985	35748991	+	11.9091	7.84e-05	0.212	GCCCAGG
KCCCAGS	DREME-5	chr22	35749118	35749124	+	11.9091	7.84e-05	0.212	gcccagg
KCCCAGS	DREME-5	chr19	35786750	35786756	-	11.9091	7.84e-05	0.212	GCCCAGG
KCCCAGS	DREME-5	chr19	35786828	35786834	-	11.9091	7.84e-05	0.212	GCCCAGG
KCCCAGS	DREME-5	chr9	36273693	36273699	+	11.9091	7.84e-05	0.212	gcccagg
KCCCAGS	DREME-5	chr7	36361381	36361387	+	11.9091	7.84e-05	0.212	gcccagg
KCCCAGS	DREME-5	chr8	36789772	36789778	+	11.9091	7.84e-05	0.212	GCCCAGG
KCCCAGS	DREME-5	chr9	37059602	37059608	-	11.9091	7.84e-05	0.212	GCCCAGG
KCCCAGS	DREME-5	chr3	37071409	37071415	-	11.9091	7.84e-05	0.212	GCCCAGG
KCCCAGS	DREME-5	chr21	37522607	37522613	+	11.9091	7.84e-05	0.212	GCCCAGG
KCCCAGS	DREME-5	chr21	37528206	37528212	+	11.9091	7.84e-05	0.212	GCCCAGG
KCCCAGS	DREME-5	chr17	37763058	37763064	+	11.9091	7.84e-05	0.212	GCCCAGG
KCCCAGS	DREME-5	chr21	37786207	37786213	+	11.9091	7.84e-05	0.212	gcccagG
KCCCAGS	DREME-5	chr17	38109580	38109586	+	11.9091	7.84e-05	0.212	GCCCAGG
KCCCAGS	DREME-5	chr22	38121276	38121282	-	11.9091	7.84e-05	0.212	GCCCAGG
KCCCAGS	DREME-5	chr22	38121360	38121366	-	11.9091	7.84e-05	0.212	GCCCAGG
KCCCAGS	DREME-5	chr21	38134212	38134218	-	11.9091	7.84e-05	0.212	GCCCAGG
KCCCAGS	DREME-5	chr3	38227356	38227362	+	11.9091	7.84e-05	0.212	gcccagg
KCCCAGS	DREME-5	chr8	38275180	38275186	+	11.9091	7.84e-05	0.212	GCCCAGG
KCCCAGS	DREME-5	chr4	38300015	38300021	+	11.9091	7.84e-05	0.212	gcccagg
KCCCAGS	DREME-5	chr9	38316613	38316619	+	11.9091	7.84e-05	0.212	GCCCAGG
KCCCAGS	DREME-5	chr7	38355304	38355310	+	11.9091	7.84e-05	0.212	gcccagg
KCCCAGS	DREME-5	chr22	38369836	38369842	-	11.9091	7.84e-05	0.212	GCCCAGG
KCCCAGS	DREME-5	chr1	38673728	38673734	+	11.9091	7.84e-05	0.212	GCCCAGG
KCCCAGS	DREME-5	chr1	38673917	38673923	+	11.9091	7.84e-05	0.212	GCCCAGG
KCCCAGS	DREME-5	chr15	38751886	38751892	-	11.9091	7.84e-05	0.212	GCCCAGG
KCCCAGS	DREME-5	chr22	38797693	38797699	+	11.9091	7.84e-05	0.212	GCCCAGG
KCCCAGS	DREME-5	chr6	39042884	39042890	-	11.9091	7.84e-05	0.212	GCCCAGG
KCCCAGS	DREME-5	chr19	39097082	39097088	+	11.9091	7.84e-05	0.212	gcccagg
KCCCAGS	DREME-5	chr19	39097102	39097108	-	11.9091	7.84e-05	0.212	GCCCAGG
KCCCAGS	DREME-5	chr7	39299459	39299465	+	11.9091	7.84e-05	0.212	GCCCAGG
KCCCAGS	DREME-5	chr1	39417004	39417010	+	11.9091	7.84e-05	0.212	gcccagg
KCCCAGS	DREME-5	chr4	39708031	39708037	-	11.9091	7.84e-05	0.212	GCCCAGG
KCCCAGS	DREME-5	chrX	39717488	39717494	-	11.9091	7.84e-05	0.212	GCCCAGG
KCCCAGS	DREME-5	chr6	39771621	39771627	+	11.9091	7.84e-05	0.212	GCCCAGG
KCCCAGS	DREME-5	chr6	39771763	39771769	-	11.9091	7.84e-05	0.212	GCCCAGG
KCCCAGS	DREME-5	chr22	39784307	39784313	+	11.9091	7.84e-05	0.212	GCCCAGG
KCCCAGS	DREME-5	chr22	39784341	39784347	-	11.9091	7.84e-05	0.212	GCCCAGG
KCCCAGS	DREME-5	chr17	39879842	39879848	-	11.9091	7.84e-05	0.212	GCCCAGG
KCCCAGS	DREME-5	chr2	39893473	39893479	-	11.9091	7.84e-05	0.212	GCCCAGG
KCCCAGS	DREME-5	chr2	39893623	39893629	-	11.9091	7.84e-05	0.212	GCCCAGG
KCCCAGS	DREME-5	chrX	39942603	39942609	+	11.9091	7.84e-05	0.212	GCCCAGG
KCCCAGS	DREME-5	chrX	39942796	39942802	-	11.9091	7.84e-05	0.212	GCCCAGG
KCCCAGS	DREME-5	chrX	40031918	40031924	-	11.9091	7.84e-05	0.212	GCCCAGG
KCCCAGS	DREME-5	chr1	40254121	40254127	+	11.9091	7.84e-05	0.212	GCCCAGG
KCCCAGS	DREME-5	chr1	40254688	40254694	-	11.9091	7.84e-05	0.212	GCCCAGG
KCCCAGS	DREME-5	chr1	40254734	40254740	-	11.9091	7.84e-05	0.212	GCCCAGG
KCCCAGS	DREME-5	chr1	40254947	40254953	-	11.9091	7.84e-05	0.212	GCCCAGG
KCCCAGS	DREME-5	chr17	40435274	40435280	+	11.9091	7.84e-05	0.212	GCCCAGG
KCCCAGS	DREME-5	chr17	40435340	40435346	-	11.9091	7.84e-05	0.212	GCCCAGG
KCCCAGS	DREME-5	chr19	40969713	40969719	+	11.9091	7.84e-05	0.212	gcccagg
KCCCAGS	DREME-5	chr19	41012095	41012101	+	11.9091	7.84e-05	0.212	GCCCAGG
KCCCAGS	DREME-5	chr21	41072089	41072095	+	11.9091	7.84e-05	0.212	gcccagg
KCCCAGS	DREME-5	chrX	41147468	41147474	-	11.9091	7.84e-05	0.212	GCCCAGG
KCCCAGS	DREME-5	chr15	41211312	41211318	+	11.9091	7.84e-05	0.212	GCCCAGG
KCCCAGS	DREME-5	chr15	41211324	41211330	+	11.9091	7.84e-05	0.212	GCCCAGG
KCCCAGS	DREME-5	chr6	41675416	41675422	+	11.9091	7.84e-05	0.212	GCCCAGG
KCCCAGS	DREME-5	chr17	42015696	42015702	+	11.9091	7.84e-05	0.212	GCCCAGG
KCCCAGS	DREME-5	chr22	42068932	42068938	+	11.9091	7.84e-05	0.212	GCCCAGG
KCCCAGS	DREME-5	chr6	42091860	42091866	+	11.9091	7.84e-05	0.212	gcccagg
KCCCAGS	DREME-5	chr6	42092178	42092184	+	11.9091	7.84e-05	0.212	GCCCAGG
KCCCAGS	DREME-5	chr6	42236076	42236082	-	11.9091	7.84e-05	0.212	GCCCAGG
KCCCAGS	DREME-5	chr6	42236212	42236218	+	11.9091	7.84e-05	0.212	GCCCAGG
KCCCAGS	DREME-5	chr19	42528877	42528883	-	11.9091	7.84e-05	0.212	GCCCAGG
KCCCAGS	DREME-5	chr3	42802080	42802086	-	11.9091	7.84e-05	0.212	GCCCAGG
KCCCAGS	DREME-5	chr3	42802126	42802132	-	11.9091	7.84e-05	0.212	GCCCAGG
KCCCAGS	DREME-5	chr19	42846356	42846362	-	11.9091	7.84e-05	0.212	GCCCAGG
KCCCAGS	DREME-5	chr19	42860512	42860518	-	11.9091	7.84e-05	0.212	GCCCAGG
KCCCAGS	DREME-5	chr22	42933920	42933926	-	11.9091	7.84e-05	0.212	GCCCAGG
KCCCAGS	DREME-5	chr20	42962748	42962754	-	11.9091	7.84e-05	0.212	GCCCAGG
KCCCAGS	DREME-5	chr6	43084126	43084132	-	11.9091	7.84e-05	0.212	GCCCAGG
KCCCAGS	DREME-5	chr18	43355172	43355178	-	11.9091	7.84e-05	0.212	GCCCAGG
KCCCAGS	DREME-5	chr2	43421423	43421429	-	11.9091	7.84e-05	0.212	GCCCAGG
KCCCAGS	DREME-5	chr17	43483051	43483057	-	11.9091	7.84e-05	0.212	GCCCAGG
KCCCAGS	DREME-5	chr17	43656169	43656175	-	11.9091	7.84e-05	0.212	GCCCAGG
KCCCAGS	DREME-5	chr22	43692370	43692376	-	11.9091	7.84e-05	0.212	GCCCAGG
KCCCAGS	DREME-5	chr22	43692532	43692538	-	11.9091	7.84e-05	0.212	GCCCAGG
KCCCAGS	DREME-5	chr19	43837535	43837541	-	11.9091	7.84e-05	0.212	GCCCAGG
KCCCAGS	DREME-5	chr19	44001958	44001964	-	11.9091	7.84e-05	0.212	GCCCAGG
KCCCAGS	DREME-5	chr6	44450850	44450856	-	11.9091	7.84e-05	0.212	GCCCAGG
KCCCAGS	DREME-5	chr22	44466191	44466197	-	11.9091	7.84e-05	0.212	GCCCAGG
KCCCAGS	DREME-5	chr20	44527236	44527242	+	11.9091	7.84e-05	0.212	GCCCAGG
KCCCAGS	DREME-5	chr7	44537291	44537297	-	11.9091	7.84e-05	0.212	GCCCAGG
KCCCAGS	DREME-5	chr22	44588760	44588766	+	11.9091	7.84e-05	0.212	GCCCAGG
KCCCAGS	DREME-5	chr22	44588957	44588963	+	11.9091	7.84e-05	0.212	GCCCAGG
KCCCAGS	DREME-5	chr10	44754873	44754879	+	11.9091	7.84e-05	0.212	GCCCAGG
KCCCAGS	DREME-5	chr20	44896888	44896894	-	11.9091	7.84e-05	0.212	GCCCAGG
KCCCAGS	DREME-5	chr20	44961794	44961800	+	11.9091	7.84e-05	0.212	GCCCAGG
KCCCAGS	DREME-5	chr2	45005660	45005666	+	11.9091	7.84e-05	0.212	GCCCAGG
KCCCAGS	DREME-5	chr3	45067780	45067786	-	11.9091	7.84e-05	0.212	GCCCAGG
KCCCAGS	DREME-5	chr19	45157857	45157863	+	11.9091	7.84e-05	0.212	GCCCAGG
KCCCAGS	DREME-5	chr19	45174764	45174770	-	11.9091	7.84e-05	0.212	GCCCAGG
KCCCAGS	DREME-5	chr13	45469021	45469027	-	11.9091	7.84e-05	0.212	GCCCAGG
KCCCAGS	DREME-5	chr19	45618213	45618219	-	11.9091	7.84e-05	0.212	GCCCAGG
KCCCAGS	DREME-5	chr21	45670551	45670557	-	11.9091	7.84e-05	0.212	GCCCAGG
KCCCAGS	DREME-5	chr10	46222797	46222803	-	11.9091	7.84e-05	0.212	GCCCAGG
KCCCAGS	DREME-5	chr19	46225991	46225997	-	11.9091	7.84e-05	0.212	GCCCAGG
KCCCAGS	DREME-5	chr18	46308919	46308925	+	11.9091	7.84e-05	0.212	GCCCAGG
KCCCAGS	DREME-5	chr19	46379965	46379971	-	11.9091	7.84e-05	0.212	GCCCAGG
KCCCAGS	DREME-5	chr19	46380214	46380220	+	11.9091	7.84e-05	0.212	GCCCAGG
KCCCAGS	DREME-5	chr19	46399078	46399084	-	11.9091	7.84e-05	0.212	GCCCAGG
KCCCAGS	DREME-5	chr21	46424205	46424211	-	11.9091	7.84e-05	0.212	GCCCAGG
KCCCAGS	DREME-5	chr19	46519181	46519187	+	11.9091	7.84e-05	0.212	GCCCAGG
KCCCAGS	DREME-5	chr13	46709215	46709221	-	11.9091	7.84e-05	0.212	GCCCAGG
KCCCAGS	DREME-5	chr21	46721800	46721806	+	11.9091	7.84e-05	0.212	GCCCAGG
KCCCAGS	DREME-5	chr22	46764100	46764106	+	11.9091	7.84e-05	0.212	gcccagg
KCCCAGS	DREME-5	chr19	46822542	46822548	+	11.9091	7.84e-05	0.212	GCCCAGG
KCCCAGS	DREME-5	chr21	46861293	46861299	+	11.9091	7.84e-05	0.212	GCCCAGG
KCCCAGS	DREME-5	chr22	46911159	46911165	-	11.9091	7.84e-05	0.212	GCCCAGG
KCCCAGS	DREME-5	chr22	46965170	46965176	+	11.9091	7.84e-05	0.212	GCCCAGG
KCCCAGS	DREME-5	chr22	46965317	46965323	+	11.9091	7.84e-05	0.212	GCCCAGG
KCCCAGS	DREME-5	chr22	46986376	46986382	-	11.9091	7.84e-05	0.212	GCCCAGG
KCCCAGS	DREME-5	chr22	46986402	46986408	-	11.9091	7.84e-05	0.212	GCCCAGG
KCCCAGS	DREME-5	chr22	46986512	46986518	+	11.9091	7.84e-05	0.212	GCCCAGG
KCCCAGS	DREME-5	chr12	46998561	46998567	+	11.9091	7.84e-05	0.212	gcccagg
KCCCAGS	DREME-5	chr22	47035920	47035926	-	11.9091	7.84e-05	0.212	GCCCAGG
KCCCAGS	DREME-5	chrX	47297789	47297795	+	11.9091	7.84e-05	0.212	gcccagg
KCCCAGS	DREME-5	chrX	47297809	47297815	-	11.9091	7.84e-05	0.212	GCCCAGG
KCCCAGS	DREME-5	chr2	47481334	47481340	-	11.9091	7.84e-05	0.212	GCCCAGG
KCCCAGS	DREME-5	chr22	47617634	47617640	+	11.9091	7.84e-05	0.212	gcccagg
KCCCAGS	DREME-5	chr22	47617702	47617708	-	11.9091	7.84e-05	0.212	GCCCAGG
KCCCAGS	DREME-5	chr22	47785239	47785245	+	11.9091	7.84e-05	0.212	GCCCAGG
KCCCAGS	DREME-5	chr2	47789561	47789567	+	11.9091	7.84e-05	0.212	GCCCAGG
KCCCAGS	DREME-5	chr19	47950397	47950403	+	11.9091	7.84e-05	0.212	GCCCAGG
KCCCAGS	DREME-5	chr16	48069387	48069393	-	11.9091	7.84e-05	0.212	GCCCAGG
KCCCAGS	DREME-5	chr8	48092040	48092046	+	11.9091	7.84e-05	0.212	GCCCAGG
KCCCAGS	DREME-5	chr17	48845569	48845575	+	11.9091	7.84e-05	0.212	gcccagg
KCCCAGS	DREME-5	chr8	49086858	49086864	+	11.9091	7.84e-05	0.212	GCCCAGG
KCCCAGS	DREME-5	chr17	49175409	49175415	-	11.9091	7.84e-05	0.212	GCCCAGG
KCCCAGS	DREME-5	chr19	49412100	49412106	-	11.9091	7.84e-05	0.212	GCCCAGG
KCCCAGS	DREME-5	chr19	49630976	49630982	-	11.9091	7.84e-05	0.212	GCCCAGG
KCCCAGS	DREME-5	chr19	49967296	49967302	-	11.9091	7.84e-05	0.212	GCCCAGG
KCCCAGS	DREME-5	chr22	50157267	50157273	-	11.9091	7.84e-05	0.212	GCCCAGG
KCCCAGS	DREME-5	chr22	50157528	50157534	-	11.9091	7.84e-05	0.212	GCCCAGG
KCCCAGS	DREME-5	chr22	50157656	50157662	-	11.9091	7.84e-05	0.212	GCCCAGG
KCCCAGS	DREME-5	chr22	50657924	50657930	+	11.9091	7.84e-05	0.212	GCCCAGG
KCCCAGS	DREME-5	chr22	50657979	50657985	+	11.9091	7.84e-05	0.212	GCCCAGG
KCCCAGS	DREME-5	chr22	50658034	50658040	+	11.9091	7.84e-05	0.212	GCCCAGG
KCCCAGS	DREME-5	chr22	50658191	50658197	-	11.9091	7.84e-05	0.212	GCCCAGG
KCCCAGS	DREME-5	chr19	50837122	50837128	-	11.9091	7.84e-05	0.212	GCCCAGG
KCCCAGS	DREME-5	chrX	50841223	50841229	+	11.9091	7.84e-05	0.212	GCCCAGG
KCCCAGS	DREME-5	chr19	50906911	50906917	-	11.9091	7.84e-05	0.212	GCCCAGG
KCCCAGS	DREME-5	chr16	51030572	51030578	+	11.9091	7.84e-05	0.212	GCCCAGG
KCCCAGS	DREME-5	chr22	51143982	51143988	+	11.9091	7.84e-05	0.212	GCCCAGG
KCCCAGS	DREME-5	chr22	51143977	51143983	-	11.9091	7.84e-05	0.212	GCCCAGG
KCCCAGS	DREME-5	chr22	51144010	51144016	+	11.9091	7.84e-05	0.212	GCCCAGG
KCCCAGS	DREME-5	chr12	51178990	51178996	+	11.9091	7.84e-05	0.212	gcccagg
KCCCAGS	DREME-5	chr12	51179010	51179016	-	11.9091	7.84e-05	0.212	GCCCAGG
KCCCAGS	DREME-5	chr2	51255345	51255351	+	11.9091	7.84e-05	0.212	GCCCAGG
KCCCAGS	DREME-5	chr7	51444634	51444640	-	11.9091	7.84e-05	0.212	GCCCAGG
KCCCAGS	DREME-5	chr3	51753456	51753462	+	11.9091	7.84e-05	0.212	GCCCAGG
KCCCAGS	DREME-5	chr20	51848462	51848468	+	11.9091	7.84e-05	0.212	gcccagg
KCCCAGS	DREME-5	chr20	52584533	52584539	-	11.9091	7.84e-05	0.212	GCCCAGG
KCCCAGS	DREME-5	chr20	52584622	52584628	-	11.9091	7.84e-05	0.212	GCCCAGG
KCCCAGS	DREME-5	chr13	52778235	52778241	-	11.9091	7.84e-05	0.212	GCCCAGG
KCCCAGS	DREME-5	chr13	52778265	52778271	-	11.9091	7.84e-05	0.212	GCCCAGG
KCCCAGS	DREME-5	chr13	52778313	52778319	-	11.9091	7.84e-05	0.212	GCCCAGG
KCCCAGS	DREME-5	chr3	52810054	52810060	+	11.9091	7.84e-05	0.212	GCCCAGG
KCCCAGS	DREME-5	chr3	53254272	53254278	-	11.9091	7.84e-05	0.212	GCCCAGG
KCCCAGS	DREME-5	chr12	53299137	53299143	-	11.9091	7.84e-05	0.212	GCCCAGG
KCCCAGS	DREME-5	chr6	53476245	53476251	+	11.9091	7.84e-05	0.212	GCCCAGG
KCCCAGS	DREME-5	chr3	53651978	53651984	+	11.9091	7.84e-05	0.212	gcccagg
KCCCAGS	DREME-5	chr17	53770965	53770971	+	11.9091	7.84e-05	0.212	gcccagg
KCCCAGS	DREME-5	chr10	54007899	54007905	-	11.9091	7.84e-05	0.212	GCCCAGG
KCCCAGS	DREME-5	chr16	54266532	54266538	+	11.9091	7.84e-05	0.212	GCCCAGG
KCCCAGS	DREME-5	chr12	54379803	54379809	-	11.9091	7.84e-05	0.212	GCCCAGG
KCCCAGS	DREME-5	chr12	54379880	54379886	+	11.9091	7.84e-05	0.212	GCCCAGG
KCCCAGS	DREME-5	chr12	54430649	54430655	+	11.9091	7.84e-05	0.212	GCCCAGG
KCCCAGS	DREME-5	chr12	54430906	54430912	+	11.9091	7.84e-05	0.212	GCCCAGG
KCCCAGS	DREME-5	chr6	54479819	54479825	-	11.9091	7.84e-05	0.212	GCCCAGG
KCCCAGS	DREME-5	chr4	54481511	54481517	-	11.9091	7.84e-05	0.212	GCCCAGG
KCCCAGS	DREME-5	chr3	54615519	54615525	+	11.9091	7.84e-05	0.212	GCCCAGG
KCCCAGS	DREME-5	chr20	54824639	54824645	-	11.9091	7.84e-05	0.212	GCCCAGG
KCCCAGS	DREME-5	chr7	54843022	54843028	-	11.9091	7.84e-05	0.212	GCCCAGG
KCCCAGS	DREME-5	chr1	54937497	54937503	+	11.9091	7.84e-05	0.212	GCCCAGG
KCCCAGS	DREME-5	chr18	55108808	55108814	-	11.9091	7.84e-05	0.212	GCCCAGG
KCCCAGS	DREME-5	chr8	55382358	55382364	-	11.9091	7.84e-05	0.212	GCCCAGG
KCCCAGS	DREME-5	chr19	55625271	55625277	-	11.9091	7.84e-05	0.212	GCCCAGG
KCCCAGS	DREME-5	chr17	55696985	55696991	+	11.9091	7.84e-05	0.212	GCCCAGG
KCCCAGS	DREME-5	chr14	55836519	55836525	+	11.9091	7.84e-05	0.212	GCCCAGG
KCCCAGS	DREME-5	chr19	55885553	55885559	+	11.9091	7.84e-05	0.212	GCCCAGG
KCCCAGS	DREME-5	chr20	56035196	56035202	+	11.9091	7.84e-05	0.212	gcccagg
KCCCAGS	DREME-5	chr20	56099592	56099598	-	11.9091	7.84e-05	0.212	GCCCAGG
KCCCAGS	DREME-5	chr20	56099639	56099645	-	11.9091	7.84e-05	0.212	GCCCAGG
KCCCAGS	DREME-5	chr20	56099688	56099694	-	11.9091	7.84e-05	0.212	GCCCAGG
KCCCAGS	DREME-5	chr18	56468768	56468774	-	11.9091	7.84e-05	0.212	GCCCAGG
KCCCAGS	DREME-5	chr6	56725303	56725309	+	11.9091	7.84e-05	0.212	GCCCAGG
KCCCAGS	DREME-5	chr5	56874839	56874845	+	11.9091	7.84e-05	0.212	GCCCAGG
KCCCAGS	DREME-5	chr20	56884112	56884118	+	11.9091	7.84e-05	0.212	GCCCAGG
KCCCAGS	DREME-5	chr3	57769665	57769671	+	11.9091	7.84e-05	0.212	gcccagg
KCCCAGS	DREME-5	chrX	57936095	57936101	+	11.9091	7.84e-05	0.212	GCCCAGG
KCCCAGS	DREME-5	chrX	57936248	57936254	-	11.9091	7.84e-05	0.212	GCCCAGG
KCCCAGS	DREME-5	chr16	58026936	58026942	-	11.9091	7.84e-05	0.212	GCCCAGG
KCCCAGS	DREME-5	chr11	58233497	58233503	-	11.9091	7.84e-05	0.212	GCCCAGG
KCCCAGS	DREME-5	chr19	58596128	58596134	-	11.9091	7.84e-05	0.212	GCCCAGG
KCCCAGS	DREME-5	chr17	58692543	58692549	+	11.9091	7.84e-05	0.212	gcccagg
KCCCAGS	DREME-5	chr17	58692563	58692569	-	11.9091	7.84e-05	0.212	GCCCAGG
KCCCAGS	DREME-5	chr14	59098470	59098476	-	11.9091	7.84e-05	0.212	GCCCAGG
KCCCAGS	DREME-5	chr11	59590606	59590612	-	11.9091	7.84e-05	0.212	GCCCAGG
KCCCAGS	DREME-5	chr20	59755948	59755954	-	11.9091	7.84e-05	0.212	GCCCAGG
KCCCAGS	DREME-5	chr5	60118381	60118387	+	11.9091	7.84e-05	0.212	gcccagg
KCCCAGS	DREME-5	chr10	60330990	60330996	-	11.9091	7.84e-05	0.212	GCCCAGG
KCCCAGS	DREME-5	chr20	60523999	60524005	+	11.9091	7.84e-05	0.212	GCCCAGG
KCCCAGS	DREME-5	chr15	60662920	60662926	+	11.9091	7.84e-05	0.212	GCCCAGG
KCCCAGS	DREME-5	chr2	60699135	60699141	-	11.9091	7.84e-05	0.212	GCCCAGG
KCCCAGS	DREME-5	chr5	60922040	60922046	-	11.9091	7.84e-05	0.212	GCCCAGG
KCCCAGS	DREME-5	chr5	60922089	60922095	-	11.9091	7.84e-05	0.212	GCCCAGG
KCCCAGS	DREME-5	chr5	60922240	60922246	+	11.9091	7.84e-05	0.212	GCCCAGG
KCCCAGS	DREME-5	chr20	61034519	61034525	-	11.9091	7.84e-05	0.212	GCCCAGG
KCCCAGS	DREME-5	chr20	61087080	61087086	-	11.9091	7.84e-05	0.212	GCCCAGG
KCCCAGS	DREME-5	chr3	61641369	61641375	-	11.9091	7.84e-05	0.212	GCCCAGG
KCCCAGS	DREME-5	chr11	61809891	61809897	+	11.9091	7.84e-05	0.212	GCCCAGG
KCCCAGS	DREME-5	chr20	61949966	61949972	-	11.9091	7.84e-05	0.212	GCCCAGG
KCCCAGS	DREME-5	chr20	61950058	61950064	-	11.9091	7.84e-05	0.212	GCCCAGG
KCCCAGS	DREME-5	chr20	61983137	61983143	+	11.9091	7.84e-05	0.212	GCCCAGG
KCCCAGS	DREME-5	chr20	61984207	61984213	-	11.9091	7.84e-05	0.212	GCCCAGG
KCCCAGS	DREME-5	chr2	62020512	62020518	-	11.9091	7.84e-05	0.212	GCCCAGG
KCCCAGS	DREME-5	chr20	62078038	62078044	+	11.9091	7.84e-05	0.212	GCCCAGG
KCCCAGS	DREME-5	chr20	62078060	62078066	-	11.9091	7.84e-05	0.212	GCCCAGG
KCCCAGS	DREME-5	chr20	62541190	62541196	-	11.9091	7.84e-05	0.212	GCCCAGG
KCCCAGS	DREME-5	chr11	63377189	63377195	+	11.9091	7.84e-05	0.212	GCCCAGG
KCCCAGS	DREME-5	chr17	63495185	63495191	-	11.9091	7.84e-05	0.212	GCCCAGG
KCCCAGS	DREME-5	chr6	63776210	63776216	-	11.9091	7.84e-05	0.212	GCCCAGG
KCCCAGS	DREME-5	chr10	63843181	63843187	+	11.9091	7.84e-05	0.212	GCCCAGG
KCCCAGS	DREME-5	chr1	64170159	64170165	-	11.9091	7.84e-05	0.212	GCCCAGG
KCCCAGS	DREME-5	chr16	65038727	65038733	+	11.9091	7.84e-05	0.212	GCCCAGG
KCCCAGS	DREME-5	chr10	65060865	65060871	-	11.9091	7.84e-05	0.212	GCCCAGG
KCCCAGS	DREME-5	chr7	65338740	65338746	+	11.9091	7.84e-05	0.212	GCCCAGG
KCCCAGS	DREME-5	chr7	65565599	65565605	-	11.9091	7.84e-05	0.212	GCCCAGG
KCCCAGS	DREME-5	chr7	66021631	66021637	+	11.9091	7.84e-05	0.212	GCCCAGG
KCCCAGS	DREME-5	chr17	66244051	66244057	+	11.9091	7.84e-05	0.212	GCCCAGG
KCCCAGS	DREME-5	chr9	66456784	66456790	-	11.9091	7.84e-05	0.212	GCCCAGG
KCCCAGS	DREME-5	chr11	66485871	66485877	+	11.9091	7.84e-05	0.212	GCCCAGG
KCCCAGS	DREME-5	chr11	66486113	66486119	+	11.9091	7.84e-05	0.212	GCCCAGG
KCCCAGS	DREME-5	chr11	66683761	66683767	+	11.9091	7.84e-05	0.212	gcccagg
KCCCAGS	DREME-5	chr11	66683781	66683787	-	11.9091	7.84e-05	0.212	GCCCAGG
KCCCAGS	DREME-5	chr11	66873402	66873408	-	11.9091	7.84e-05	0.212	GCCCAGG
KCCCAGS	DREME-5	chr16	67021048	67021054	+	11.9091	7.84e-05	0.212	GCCCAGG
KCCCAGS	DREME-5	chr16	67161103	67161109	-	11.9091	7.84e-05	0.212	GCCCAGG
KCCCAGS	DREME-5	chr16	67161169	67161175	-	11.9091	7.84e-05	0.212	GCCCAGG
KCCCAGS	DREME-5	chr13	67427931	67427937	-	11.9091	7.84e-05	0.212	GCCCAGG
KCCCAGS	DREME-5	chr16	67499423	67499429	-	11.9091	7.84e-05	0.212	GCCCAGG
KCCCAGS	DREME-5	chr8	67696360	67696366	-	11.9091	7.84e-05	0.212	GCCCAGG
KCCCAGS	DREME-5	chr10	68273459	68273465	-	11.9091	7.84e-05	0.212	GCCCAGG
KCCCAGS	DREME-5	chr4	68278547	68278553	+	11.9091	7.84e-05	0.212	gcccagg
KCCCAGS	DREME-5	chrX	68751899	68751905	+	11.9091	7.84e-05	0.212	GCCCAGG
KCCCAGS	DREME-5	chr14	68939943	68939949	-	11.9091	7.84e-05	0.212	GCCCAGG
KCCCAGS	DREME-5	chr14	69078458	69078464	-	11.9091	7.84e-05	0.212	GCCCAGG
KCCCAGS	DREME-5	chr3	69325513	69325519	-	11.9091	7.84e-05	0.212	GCCCAGG
KCCCAGS	DREME-5	chr3	69325629	69325635	+	11.9091	7.84e-05	0.212	gcccagg
KCCCAGS	DREME-5	chr2	69519947	69519953	+	11.9091	7.84e-05	0.212	gcccagg
KCCCAGS	DREME-5	chr11	70275376	70275382	-	11.9091	7.84e-05	0.212	GCCCAGG
KCCCAGS	DREME-5	chr14	70294474	70294480	+	11.9091	7.84e-05	0.212	gcccagg
KCCCAGS	DREME-5	chr8	70476245	70476251	-	11.9091	7.84e-05	0.212	GCCCAGG
KCCCAGS	DREME-5	chr15	71156339	71156345	+	11.9091	7.84e-05	0.212	gcccagg
KCCCAGS	DREME-5	chr2	71157798	71157804	+	11.9091	7.84e-05	0.212	GCCCAGG
KCCCAGS	DREME-5	chr2	71157841	71157847	-	11.9091	7.84e-05	0.212	GCCCAGG
KCCCAGS	DREME-5	chr10	71210877	71210883	-	11.9091	7.84e-05	0.212	GCCCAGG
KCCCAGS	DREME-5	chr10	71211099	71211105	+	11.9091	7.84e-05	0.212	GCCCAGG
KCCCAGS	DREME-5	chr10	71211343	71211349	+	11.9091	7.84e-05	0.212	GCCCAGG
KCCCAGS	DREME-5	chr11	71230401	71230407	-	11.9091	7.84e-05	0.212	GCCCAGG
KCCCAGS	DREME-5	chr11	71230634	71230640	-	11.9091	7.84e-05	0.212	GCCCAGG
KCCCAGS	DREME-5	chr17	71352570	71352576	-	11.9091	7.84e-05	0.212	GCCCAGG
KCCCAGS	DREME-5	chr17	71652632	71652638	-	11.9091	7.84e-05	0.212	GCCCAGG
KCCCAGS	DREME-5	chr10	71661574	71661580	-	11.9091	7.84e-05	0.212	GCCCAGG
KCCCAGS	DREME-5	chr11	71835379	71835385	+	11.9091	7.84e-05	0.212	gcccagg
KCCCAGS	DREME-5	chr2	72029096	72029102	-	11.9091	7.84e-05	0.212	GCCCAGG
KCCCAGS	DREME-5	chr2	72029214	72029220	-	11.9091	7.84e-05	0.212	GCCCAGG
KCCCAGS	DREME-5	chr10	72275260	72275266	-	11.9091	7.84e-05	0.212	GCCCAGG
KCCCAGS	DREME-5	chr11	72366258	72366264	-	11.9091	7.84e-05	0.212	GCCCAGG
KCCCAGS	DREME-5	chr18	72543854	72543860	-	11.9091	7.84e-05	0.212	GCCCAGG
KCCCAGS	DREME-5	chr8	72715566	72715572	+	11.9091	7.84e-05	0.212	gcccagg
KCCCAGS	DREME-5	chr7	72848042	72848048	-	11.9091	7.84e-05	0.212	GCCCAGG
KCCCAGS	DREME-5	chr7	72848198	72848204	+	11.9091	7.84e-05	0.212	GCCCAGG
KCCCAGS	DREME-5	chr10	73156801	73156807	-	11.9091	7.84e-05	0.212	GCCCAGG
KCCCAGS	DREME-5	chr10	73192573	73192579	+	11.9091	7.84e-05	0.212	GCCCAGG
KCCCAGS	DREME-5	chr10	73192619	73192625	+	11.9091	7.84e-05	0.212	GCCCAGG
KCCCAGS	DREME-5	chr4	73195774	73195780	+	11.9091	7.84e-05	0.212	gcccagg
KCCCAGS	DREME-5	chr7	73301765	73301771	-	11.9091	7.84e-05	0.212	GCCCAGG
KCCCAGS	DREME-5	chr14	73503650	73503656	+	11.9091	7.84e-05	0.212	gcccagg
KCCCAGS	DREME-5	chr14	73503670	73503676	-	11.9091	7.84e-05	0.212	GCCCAGG
KCCCAGS	DREME-5	chr17	73528370	73528376	+	11.9091	7.84e-05	0.212	gcccagg
KCCCAGS	DREME-5	chr17	73528543	73528549	+	11.9091	7.84e-05	0.212	gcccagg
KCCCAGS	DREME-5	chr17	73536222	73536228	+	11.9091	7.84e-05	0.212	GCCCAGG
KCCCAGS	DREME-5	chr17	73536443	73536449	-	11.9091	7.84e-05	0.212	GCCCAGG
KCCCAGS	DREME-5	chr17	73598741	73598747	-	11.9091	7.84e-05	0.212	GCCCAGG
KCCCAGS	DREME-5	chr17	73599650	73599656	-	11.9091	7.84e-05	0.212	GCCCAGG
KCCCAGS	DREME-5	chr7	73814580	73814586	+	11.9091	7.84e-05	0.212	GCCCAGG
KCCCAGS	DREME-5	chr7	73814879	73814885	+	11.9091	7.84e-05	0.212	GCCCAGG
KCCCAGS	DREME-5	chr12	73931511	73931517	-	11.9091	7.84e-05	0.212	GCCCAGG
KCCCAGS	DREME-5	chr8	74003478	74003484	+	11.9091	7.84e-05	0.212	GCCCAGG
KCCCAGS	DREME-5	chr13	74116656	74116662	+	11.9091	7.84e-05	0.212	GCCCAGG
KCCCAGS	DREME-5	chr8	74289483	74289489	-	11.9091	7.84e-05	0.212	GCCCAGG
KCCCAGS	DREME-5	chr18	74292649	74292655	-	11.9091	7.84e-05	0.212	GCCCAGG
KCCCAGS	DREME-5	chr1	74503996	74504002	-	11.9091	7.84e-05	0.212	GCCCAGG
KCCCAGS	DREME-5	chr17	74630178	74630184	-	11.9091	7.84e-05	0.212	GCCCAGG
KCCCAGS	DREME-5	chr17	74630294	74630300	-	11.9091	7.84e-05	0.212	GCCCAGG
KCCCAGS	DREME-5	chr15	75075506	75075512	+	11.9091	7.84e-05	0.212	GCCCAGG
KCCCAGS	DREME-5	chr15	75075542	75075548	+	11.9091	7.84e-05	0.212	GCCCAGG
KCCCAGS	DREME-5	chr15	75075688	75075694	-	11.9091	7.84e-05	0.212	GCCCAGG
KCCCAGS	DREME-5	chr15	75081972	75081978	-	11.9091	7.84e-05	0.212	GCCCAGG
KCCCAGS	DREME-5	chr4	75241752	75241758	-	11.9091	7.84e-05	0.212	GCCCAGG
KCCCAGS	DREME-5	chr2	75505554	75505560	-	11.9091	7.84e-05	0.212	GCCCAGG
KCCCAGS	DREME-5	chr2	75505568	75505574	+	11.9091	7.84e-05	0.212	gcccagg
KCCCAGS	DREME-5	chr7	75609562	75609568	-	11.9091	7.84e-05	0.212	GCCCAGG
KCCCAGS	DREME-5	chr7	75609743	75609749	+	11.9091	7.84e-05	0.212	GCCCAGG
KCCCAGS	DREME-5	chr5	75649494	75649500	+	11.9091	7.84e-05	0.212	gcccagg
KCCCAGS	DREME-5	chr3	75721263	75721269	-	11.9091	7.84e-05	0.212	GCCCAGG
KCCCAGS	DREME-5	chr3	75721816	75721822	+	11.9091	7.84e-05	0.212	GCCCAGG
KCCCAGS	DREME-5	chr12	75818960	75818966	+	11.9091	7.84e-05	0.212	GCCCAGG
KCCCAGS	DREME-5	chr7	75913077	75913083	+	11.9091	7.84e-05	0.212	GCCCAGG
KCCCAGS	DREME-5	chr4	75940995	75941001	+	11.9091	7.84e-05	0.212	gcccagg
KCCCAGS	DREME-5	chr7	76037919	76037925	+	11.9091	7.84e-05	0.212	GCCCAGG
KCCCAGS	DREME-5	chr11	76372273	76372279	+	11.9091	7.84e-05	0.212	GCCCAGG
KCCCAGS	DREME-5	chr11	76372426	76372432	+	11.9091	7.84e-05	0.212	GCCCAGG
KCCCAGS	DREME-5	chr15	76431803	76431809	-	11.9091	7.84e-05	0.212	GCCCAGG
KCCCAGS	DREME-5	chr18	76465284	76465290	-	11.9091	7.84e-05	0.212	GCCCAGG
KCCCAGS	DREME-5	chr5	76470498	76470504	-	11.9091	7.84e-05	0.212	GCCCAGG
KCCCAGS	DREME-5	chr5	76484812	76484818	+	11.9091	7.84e-05	0.212	GCCCAGG
KCCCAGS	DREME-5	chr15	76490064	76490070	-	11.9091	7.84e-05	0.212	GCCCAGG
KCCCAGS	DREME-5	chr15	76490428	76490434	-	11.9091	7.84e-05	0.212	GCCCAGG
KCCCAGS	DREME-5	chr18	76779347	76779353	+	11.9091	7.84e-05	0.212	GCCCAGG
KCCCAGS	DREME-5	chr10	77022520	77022526	-	11.9091	7.84e-05	0.212	GCCCAGG
KCCCAGS	DREME-5	chr10	77022667	77022673	+	11.9091	7.84e-05	0.212	GCCCAGG
KCCCAGS	DREME-5	chr14	77251284	77251290	+	11.9091	7.84e-05	0.212	GCCCAGG
KCCCAGS	DREME-5	chr18	77271564	77271570	+	11.9091	7.84e-05	0.212	GCCCAGG
KCCCAGS	DREME-5	chr18	77293106	77293112	-	11.9091	7.84e-05	0.212	GCCCAGG
KCCCAGS	DREME-5	chr11	77416822	77416828	+	11.9091	7.84e-05	0.212	gcccagg
KCCCAGS	DREME-5	chr17	77480862	77480868	-	11.9091	7.84e-05	0.212	GCCCAGG
KCCCAGS	DREME-5	chr17	77481192	77481198	+	11.9091	7.84e-05	0.212	GCCCAGG
KCCCAGS	DREME-5	chr17	77481200	77481206	-	11.9091	7.84e-05	0.212	GCCCAGG
KCCCAGS	DREME-5	chr4	77591911	77591917	-	11.9091	7.84e-05	0.212	GCCCAGG
KCCCAGS	DREME-5	chr11	77897094	77897100	-	11.9091	7.84e-05	0.212	GCCCAGG
KCCCAGS	DREME-5	chr11	77897184	77897190	+	11.9091	7.84e-05	0.212	gcccagg
KCCCAGS	DREME-5	chr15	77926856	77926862	+	11.9091	7.84e-05	0.212	gcccagg
KCCCAGS	DREME-5	chr15	78107321	78107327	-	11.9091	7.84e-05	0.212	GCCCAGG
KCCCAGS	DREME-5	chr15	78191254	78191260	+	11.9091	7.84e-05	0.212	GCCCAGG
KCCCAGS	DREME-5	chrX	78592850	78592856	-	11.9091	7.84e-05	0.212	GCCCAGG
KCCCAGS	DREME-5	chr17	79123324	79123330	+	11.9091	7.84e-05	0.212	GCCCAGG
KCCCAGS	DREME-5	chr15	79218075	79218081	-	11.9091	7.84e-05	0.212	GCCCAGG
KCCCAGS	DREME-5	chr17	79229753	79229759	-	11.9091	7.84e-05	0.212	GCCCAGG
KCCCAGS	DREME-5	chr17	79352849	79352855	+	11.9091	7.84e-05	0.212	GCCCAGG
KCCCAGS	DREME-5	chr17	79353228	79353234	+	11.9091	7.84e-05	0.212	GCCCAGG
KCCCAGS	DREME-5	chr17	79353295	79353301	-	11.9091	7.84e-05	0.212	GCCCAGG
KCCCAGS	DREME-5	chr17	79353639	79353645	-	11.9091	7.84e-05	0.212	GCCCAGG
KCCCAGS	DREME-5	chr17	79394973	79394979	-	11.9091	7.84e-05	0.212	GCCCAGG
KCCCAGS	DREME-5	chr17	79395071	79395077	+	11.9091	7.84e-05	0.212	GCCCAGG
KCCCAGS	DREME-5	chr17	79404495	79404501	-	11.9091	7.84e-05	0.212	GCCCAGG
KCCCAGS	DREME-5	chr17	79404619	79404625	+	11.9091	7.84e-05	0.212	GCCCAGG
KCCCAGS	DREME-5	chrX	79540968	79540974	+	11.9091	7.84e-05	0.212	gcccagg
KCCCAGS	DREME-5	chr1	79554819	79554825	-	11.9091	7.84e-05	0.212	GCCCAGG
KCCCAGS	DREME-5	chr16	79641722	79641728	+	11.9091	7.84e-05	0.212	gcccagg
KCCCAGS	DREME-5	chr15	79677935	79677941	+	11.9091	7.84e-05	0.212	gcccagg
KCCCAGS	DREME-5	chr17	79759846	79759852	+	11.9091	7.84e-05	0.212	GCCCAGG
KCCCAGS	DREME-5	chr6	80310943	80310949	+	11.9091	7.84e-05	0.212	gcccagg
KCCCAGS	DREME-5	chr6	80311137	80311143	-	11.9091	7.84e-05	0.212	GCCCAGG
KCCCAGS	DREME-5	chr17	80394065	80394071	-	11.9091	7.84e-05	0.212	GCCCAGG
KCCCAGS	DREME-5	chr17	80542119	80542125	-	11.9091	7.84e-05	0.212	GCCCAGG
KCCCAGS	DREME-5	chr8	80820945	80820951	-	11.9091	7.84e-05	0.212	GCCCAGG
KCCCAGS	DREME-5	chr8	80820960	80820966	-	11.9091	7.84e-05	0.212	GCCCAGG
KCCCAGS	DREME-5	chr13	80911641	80911647	+	11.9091	7.84e-05	0.212	GCCCAGG
KCCCAGS	DREME-5	chr10	82233766	82233772	-	11.9091	7.84e-05	0.212	GCCCAGG
KCCCAGS	DREME-5	chr12	83498326	83498332	-	11.9091	7.84e-05	0.212	GCCCAGG
KCCCAGS	DREME-5	chr15	83862727	83862733	-	11.9091	7.84e-05	0.212	GCCCAGG
KCCCAGS	DREME-5	chr16	84047428	84047434	-	11.9091	7.84e-05	0.212	GCCCAGG
KCCCAGS	DREME-5	chr15	84198110	84198116	-	11.9091	7.84e-05	0.212	GCCCAGG
KCCCAGS	DREME-5	chr2	85135125	85135131	+	11.9091	7.84e-05	0.212	gcccagg
KCCCAGS	DREME-5	chr16	85673095	85673101	-	11.9091	7.84e-05	0.212	GCCCAGG
KCCCAGS	DREME-5	chr16	85884800	85884806	-	11.9091	7.84e-05	0.212	GCCCAGG
KCCCAGS	DREME-5	chr2	85964638	85964644	+	11.9091	7.84e-05	0.212	gcccagg
KCCCAGS	DREME-5	chr9	86020153	86020159	+	11.9091	7.84e-05	0.212	GCCCAGG
KCCCAGS	DREME-5	chr4	86666397	86666403	-	11.9091	7.84e-05	0.212	GCCCAGG
KCCCAGS	DREME-5	chr9	87439375	87439381	-	11.9091	7.84e-05	0.212	GCCCAGG
KCCCAGS	DREME-5	chr4	87771127	87771133	+	11.9091	7.84e-05	0.212	GCCCAGG
KCCCAGS	DREME-5	chr11	87914968	87914974	+	11.9091	7.84e-05	0.212	gcccagg
KCCCAGS	DREME-5	chr10	88125980	88125986	+	11.9091	7.84e-05	0.212	GCCCAGG
KCCCAGS	DREME-5	chr10	88126394	88126400	+	11.9091	7.84e-05	0.212	gcccagg
KCCCAGS	DREME-5	chr10	88126769	88126775	-	11.9091	7.84e-05	0.212	GCCCAGG
KCCCAGS	DREME-5	chr16	88519109	88519115	+	11.9091	7.84e-05	0.212	GCCCAGG
KCCCAGS	DREME-5	chr16	88520177	88520183	-	11.9091	7.84e-05	0.212	GCCCAGG
KCCCAGS	DREME-5	chr16	88520257	88520263	-	11.9091	7.84e-05	0.212	GCCCAGG
KCCCAGS	DREME-5	chr16	88520297	88520303	+	11.9091	7.84e-05	0.212	GCCCAGG
KCCCAGS	DREME-5	chr16	88599806	88599812	-	11.9091	7.84e-05	0.212	GCCCAGG
KCCCAGS	DREME-5	chr16	88600535	88600541	-	11.9091	7.84e-05	0.212	GCCCAGG
KCCCAGS	DREME-5	chr10	88699646	88699652	+	11.9091	7.84e-05	0.212	gcccagg
KCCCAGS	DREME-5	chr10	88730088	88730094	+	11.9091	7.84e-05	0.212	GCCCAGG
KCCCAGS	DREME-5	chr15	88778701	88778707	+	11.9091	7.84e-05	0.212	GCCCAGG
KCCCAGS	DREME-5	chr15	88778779	88778785	-	11.9091	7.84e-05	0.212	GCCCAGG
KCCCAGS	DREME-5	chr8	88993621	88993627	+	11.9091	7.84e-05	0.212	gcccagg
KCCCAGS	DREME-5	chr16	89071915	89071921	+	11.9091	7.84e-05	0.212	GCCCAGG
KCCCAGS	DREME-5	chr16	89238040	89238046	+	11.9091	7.84e-05	0.212	GCCCAGG
KCCCAGS	DREME-5	chr16	89238275	89238281	+	11.9091	7.84e-05	0.212	GCCCAGG
KCCCAGS	DREME-5	chr16	89257867	89257873	+	11.9091	7.84e-05	0.212	GCCCAGG
KCCCAGS	DREME-5	chr14	89376992	89376998	-	11.9091	7.84e-05	0.212	GCCCAGG
KCCCAGS	DREME-5	chr16	89672371	89672377	-	11.9091	7.84e-05	0.212	GCCCAGG
KCCCAGS	DREME-5	chr14	89912042	89912048	-	11.9091	7.84e-05	0.212	GCCCAGG
KCCCAGS	DREME-5	chr14	89912187	89912193	+	11.9091	7.84e-05	0.212	gcccagg
KCCCAGS	DREME-5	chr14	89912210	89912216	+	11.9091	7.84e-05	0.212	gcccagg
KCCCAGS	DREME-5	chr15	90623264	90623270	+	11.9091	7.84e-05	0.212	GCCCAGG
KCCCAGS	DREME-5	chr14	91543374	91543380	+	11.9091	7.84e-05	0.212	gcccagg
KCCCAGS	DREME-5	chr14	91730551	91730557	-	11.9091	7.84e-05	0.212	GCCCAGG
KCCCAGS	DREME-5	chr14	91730624	91730630	-	11.9091	7.84e-05	0.212	GCCCAGG
KCCCAGS	DREME-5	chr14	91731133	91731139	+	11.9091	7.84e-05	0.212	GCCCAGG
KCCCAGS	DREME-5	chr9	91897225	91897231	-	11.9091	7.84e-05	0.212	GCCCAGG
KCCCAGS	DREME-5	chr1	92139179	92139185	-	11.9091	7.84e-05	0.212	GCCCAGG
KCCCAGS	DREME-5	chr11	92192347	92192353	-	11.9091	7.84e-05	0.212	GCCCAGG
KCCCAGS	DREME-5	chr11	92192507	92192513	+	11.9091	7.84e-05	0.212	GCCCAGG
KCCCAGS	DREME-5	chr9	92273967	92273973	+	11.9091	7.84e-05	0.212	GCCCAGG
KCCCAGS	DREME-5	chr15	92869484	92869490	-	11.9091	7.84e-05	0.212	GCCCAGG
KCCCAGS	DREME-5	chr13	93011062	93011068	-	11.9091	7.84e-05	0.212	GCCCAGG
KCCCAGS	DREME-5	chr14	93075911	93075917	+	11.9091	7.84e-05	0.212	GCCCAGG
KCCCAGS	DREME-5	chr14	93075989	93075995	-	11.9091	7.84e-05	0.212	GCCCAGG
KCCCAGS	DREME-5	chr14	93394795	93394801	-	11.9091	7.84e-05	0.212	GCCCAGG
KCCCAGS	DREME-5	chr15	93592430	93592436	+	11.9091	7.84e-05	0.212	GCCCAGG
KCCCAGS	DREME-5	chr12	93731959	93731965	+	11.9091	7.84e-05	0.212	GCCCAGG
KCCCAGS	DREME-5	chr12	93731993	93731999	+	11.9091	7.84e-05	0.212	GCCCAGG
KCCCAGS	DREME-5	chr14	93739216	93739222	+	11.9091	7.84e-05	0.212	GCCCAGG
KCCCAGS	DREME-5	chr9	93880618	93880624	-	11.9091	7.84e-05	0.212	GCCCAGG
KCCCAGS	DREME-5	chr9	93882148	93882154	-	11.9091	7.84e-05	0.212	GCCCAGG
KCCCAGS	DREME-5	chr7	94287312	94287318	+	11.9091	7.84e-05	0.212	GCCCAGG
KCCCAGS	DREME-5	chr7	94287402	94287408	+	11.9091	7.84e-05	0.212	GCCCAGG
KCCCAGS	DREME-5	chr7	94287492	94287498	+	11.9091	7.84e-05	0.212	GCCCAGG
KCCCAGS	DREME-5	chr7	94287509	94287515	-	11.9091	7.84e-05	0.212	GCCCAGG
KCCCAGS	DREME-5	chr7	94287537	94287543	+	11.9091	7.84e-05	0.212	GCCCAGG
KCCCAGS	DREME-5	chr7	94287554	94287560	-	11.9091	7.84e-05	0.212	GCCCAGG
KCCCAGS	DREME-5	chr7	94287599	94287605	-	11.9091	7.84e-05	0.212	GCCCAGG
KCCCAGS	DREME-5	chr7	94287627	94287633	+	11.9091	7.84e-05	0.212	GCCCAGG
KCCCAGS	DREME-5	chr7	94287644	94287650	-	11.9091	7.84e-05	0.212	GCCCAGG
KCCCAGS	DREME-5	chr7	94287672	94287678	+	11.9091	7.84e-05	0.212	GCCCAGG
KCCCAGS	DREME-5	chr7	94287689	94287695	-	11.9091	7.84e-05	0.212	GCCCAGG
KCCCAGS	DREME-5	chr14	94418337	94418343	-	11.9091	7.84e-05	0.212	GCCCAGG
KCCCAGS	DREME-5	chr15	95038177	95038183	-	11.9091	7.84e-05	0.212	GCCCAGG
KCCCAGS	DREME-5	chr7	95157711	95157717	-	11.9091	7.84e-05	0.212	GCCCAGG
KCCCAGS	DREME-5	chr14	95350654	95350660	-	11.9091	7.84e-05	0.212	GCCCAGG
KCCCAGS	DREME-5	chr14	95350972	95350978	-	11.9091	7.84e-05	0.212	GCCCAGG
KCCCAGS	DREME-5	chr2	95650644	95650650	-	11.9091	7.84e-05	0.212	GCCCAGG
KCCCAGS	DREME-5	chr9	96267054	96267060	+	11.9091	7.84e-05	0.212	gcccagg
KCCCAGS	DREME-5	chr9	98204511	98204517	-	11.9091	7.84e-05	0.212	GCCCAGG
KCCCAGS	DREME-5	chr9	98204604	98204610	+	11.9091	7.84e-05	0.212	GCCCAGG
KCCCAGS	DREME-5	chr10	98489140	98489146	+	11.9091	7.84e-05	0.212	gcccagg
KCCCAGS	DREME-5	chr10	98489511	98489517	+	11.9091	7.84e-05	0.212	gcccagg
KCCCAGS	DREME-5	chr2	98625158	98625164	+	11.9091	7.84e-05	0.212	GCCCAGG
KCCCAGS	DREME-5	chr7	98740671	98740677	+	11.9091	7.84e-05	0.212	GCCCAGG
KCCCAGS	DREME-5	chr7	98741540	98741546	+	11.9091	7.84e-05	0.212	GCCCAGG
KCCCAGS	DREME-5	chr13	98841110	98841116	+	11.9091	7.84e-05	0.212	GCCCAGG
KCCCAGS	DREME-5	chr14	99666858	99666864	-	11.9091	7.84e-05	0.212	GCCCAGG
KCCCAGS	DREME-5	chr14	99666902	99666908	+	11.9091	7.84e-05	0.212	GCCCAGG
KCCCAGS	DREME-5	chr14	99666897	99666903	-	11.9091	7.84e-05	0.212	GCCCAGG
KCCCAGS	DREME-5	chr7	99705476	99705482	-	11.9091	7.84e-05	0.212	GCCCAGG
KCCCAGS	DREME-5	chr7	99705812	99705818	-	11.9091	7.84e-05	0.212	GCCCAGG
KCCCAGS	DREME-5	chr7	99706039	99706045	-	11.9091	7.84e-05	0.212	GCCCAGG
KCCCAGS	DREME-5	chr10	100109543	100109549	-	11.9091	7.84e-05	0.212	GCCCAGG
KCCCAGS	DREME-5	chr7	100158187	100158193	+	11.9091	7.84e-05	0.212	GCCCAGG
KCCCAGS	DREME-5	chr7	100158229	100158235	+	11.9091	7.84e-05	0.212	GCCCAGG
KCCCAGS	DREME-5	chr7	100385673	100385679	+	11.9091	7.84e-05	0.212	GCCCAGG
KCCCAGS	DREME-5	chr7	100389781	100389787	+	11.9091	7.84e-05	0.212	GCCCAGG
KCCCAGS	DREME-5	chr14	100417620	100417626	+	11.9091	7.84e-05	0.212	GCCCAGG
KCCCAGS	DREME-5	chr13	100623634	100623640	-	11.9091	7.84e-05	0.212	GCCCAGG
KCCCAGS	DREME-5	chr13	100623686	100623692	+	11.9091	7.84e-05	0.212	GCCCAGG
KCCCAGS	DREME-5	chr7	100635088	100635094	-	11.9091	7.84e-05	0.212	GCCCAGG
KCCCAGS	DREME-5	chr14	100769051	100769057	+	11.9091	7.84e-05	0.212	GCCCAGG
KCCCAGS	DREME-5	chr14	100769046	100769052	-	11.9091	7.84e-05	0.212	GCCCAGG
KCCCAGS	DREME-5	chr14	100812657	100812663	+	11.9091	7.84e-05	0.212	gcccagg
KCCCAGS	DREME-5	chr14	101174741	101174747	-	11.9091	7.84e-05	0.212	GCCCAGG
KCCCAGS	DREME-5	chr13	101176260	101176266	-	11.9091	7.84e-05	0.212	GCCCAGG
KCCCAGS	DREME-5	chr7	101350569	101350575	-	11.9091	7.84e-05	0.212	GCCCAGG
KCCCAGS	DREME-5	chr6	101372534	101372540	-	11.9091	7.84e-05	0.212	GCCCAGG
KCCCAGS	DREME-5	chr15	101503768	101503774	-	11.9091	7.84e-05	0.212	GCCCAGG
KCCCAGS	DREME-5	chr15	101547111	101547117	+	11.9091	7.84e-05	0.212	GCCCAGG
KCCCAGS	DREME-5	chr10	101743357	101743363	-	11.9091	7.84e-05	0.212	GCCCAGG
KCCCAGS	DREME-5	chr7	101953974	101953980	-	11.9091	7.84e-05	0.212	GCCCAGG
KCCCAGS	DREME-5	chr15	102118901	102118907	+	11.9091	7.84e-05	0.212	GCCCAGG
KCCCAGS	DREME-5	chr11	102651216	102651222	-	11.9091	7.84e-05	0.212	GCCCAGG
KCCCAGS	DREME-5	chr14	102701771	102701777	+	11.9091	7.84e-05	0.212	gcccagg
KCCCAGS	DREME-5	chr14	102701853	102701859	-	11.9091	7.84e-05	0.212	GCCCAGG
KCCCAGS	DREME-5	chr10	102761407	102761413	-	11.9091	7.84e-05	0.212	GCCCAGG
KCCCAGS	DREME-5	chr10	102768845	102768851	-	11.9091	7.84e-05	0.212	GCCCAGG
KCCCAGS	DREME-5	chr10	102884980	102884986	+	11.9091	7.84e-05	0.212	GCCCAGG
KCCCAGS	DREME-5	chr9	103173401	103173407	-	11.9091	7.84e-05	0.212	GCCCAGG
KCCCAGS	DREME-5	chr9	103199568	103199574	-	11.9091	7.84e-05	0.212	GCCCAGG
KCCCAGS	DREME-5	chr14	103558167	103558173	-	11.9091	7.84e-05	0.212	GCCCAGG
KCCCAGS	DREME-5	chrX	103677289	103677295	-	11.9091	7.84e-05	0.212	GCCCAGG
KCCCAGS	DREME-5	chr14	103740214	103740220	+	11.9091	7.84e-05	0.212	GCCCAGG
KCCCAGS	DREME-5	chr4	103922145	103922151	-	11.9091	7.84e-05	0.212	GCCCAGG
KCCCAGS	DREME-5	chr4	103922368	103922374	-	11.9091	7.84e-05	0.212	GCCCAGG
KCCCAGS	DREME-5	chr14	104544829	104544835	+	11.9091	7.84e-05	0.212	gcccagg
KCCCAGS	DREME-5	chr10	104810572	104810578	+	11.9091	7.84e-05	0.212	GCCCAGG
KCCCAGS	DREME-5	chr14	105100825	105100831	+	11.9091	7.84e-05	0.212	GCCCAGG
KCCCAGS	DREME-5	chr10	105238940	105238946	+	11.9091	7.84e-05	0.212	GCCCAGG
KCCCAGS	DREME-5	chr10	105238952	105238958	+	11.9091	7.84e-05	0.212	GCCCAGG
KCCCAGS	DREME-5	chr14	105359349	105359355	+	11.9091	7.84e-05	0.212	GCCCAGG
KCCCAGS	DREME-5	chr14	105628814	105628820	+	11.9091	7.84e-05	0.212	GCCCAGG
KCCCAGS	DREME-5	chr14	105628864	105628870	+	11.9091	7.84e-05	0.212	GCCCAGG
KCCCAGS	DREME-5	chr14	105628931	105628937	+	11.9091	7.84e-05	0.212	GCCCAGG
KCCCAGS	DREME-5	chr14	105629000	105629006	+	11.9091	7.84e-05	0.212	GCCCAGG
KCCCAGS	DREME-5	chr14	105629049	105629055	+	11.9091	7.84e-05	0.212	GCCCAGG
KCCCAGS	DREME-5	chr7	105808597	105808603	-	11.9091	7.84e-05	0.212	GCCCAGG
KCCCAGS	DREME-5	chr14	105942983	105942989	-	11.9091	7.84e-05	0.212	GCCCAGG
KCCCAGS	DREME-5	chr6	105963608	105963614	+	11.9091	7.84e-05	0.212	gcccagg
KCCCAGS	DREME-5	chr2	105992733	105992739	+	11.9091	7.84e-05	0.212	GCCCAGG
KCCCAGS	DREME-5	chr14	106048492	106048498	-	11.9091	7.84e-05	0.212	GCCCAGG
KCCCAGS	DREME-5	chr14	106055792	106055798	+	11.9091	7.84e-05	0.212	gcccagg
KCCCAGS	DREME-5	chr14	106055942	106055948	+	11.9091	7.84e-05	0.212	gcccagg
KCCCAGS	DREME-5	chr14	106083155	106083161	-	11.9091	7.84e-05	0.212	GCCCAGG
KCCCAGS	DREME-5	chr14	106089569	106089575	-	11.9091	7.84e-05	0.212	GCCCAGG
KCCCAGS	DREME-5	chr14	106089610	106089616	+	11.9091	7.84e-05	0.212	GCCCAGG
KCCCAGS	DREME-5	chr14	106089679	106089685	-	11.9091	7.84e-05	0.212	GCCCAGG
KCCCAGS	DREME-5	chr14	106356228	106356234	-	11.9091	7.84e-05	0.212	GCCCAGG
KCCCAGS	DREME-5	chr14	106373902	106373908	+	11.9091	7.84e-05	0.212	GCCCAGG
KCCCAGS	DREME-5	chr8	106492443	106492449	+	11.9091	7.84e-05	0.212	GCCCAGG
KCCCAGS	DREME-5	chr3	107369004	107369010	-	11.9091	7.84e-05	0.212	GCCCAGG
KCCCAGS	DREME-5	chr9	107883350	107883356	+	11.9091	7.84e-05	0.212	GCCCAGG
KCCCAGS	DREME-5	chr11	107964473	107964479	+	11.9091	7.84e-05	0.212	gcccagg
KCCCAGS	DREME-5	chr11	107964513	107964519	-	11.9091	7.84e-05	0.212	GCCCAGG
KCCCAGS	DREME-5	chr4	108345320	108345326	+	11.9091	7.84e-05	0.212	gcccagg
KCCCAGS	DREME-5	chr13	109147896	109147902	-	11.9091	7.84e-05	0.212	GCCCAGG
KCCCAGS	DREME-5	chr12	109643191	109643197	-	11.9091	7.84e-05	0.212	GCCCAGG
KCCCAGS	DREME-5	chr12	110243285	110243291	+	11.9091	7.84e-05	0.212	GCCCAGG
KCCCAGS	DREME-5	chr1	110470531	110470537	-	11.9091	7.84e-05	0.212	GCCCAGG
KCCCAGS	DREME-5	chr13	110775419	110775425	-	11.9091	7.84e-05	0.212	GCCCAGG
KCCCAGS	DREME-5	chr13	110775756	110775762	+	11.9091	7.84e-05	0.212	GCCCAGG
KCCCAGS	DREME-5	chr6	110798158	110798164	+	11.9091	7.84e-05	0.212	GCCCAGG
KCCCAGS	DREME-5	chr13	111137265	111137271	-	11.9091	7.84e-05	0.212	GCCCAGG
KCCCAGS	DREME-5	chr7	111482692	111482698	-	11.9091	7.84e-05	0.212	GCCCAGG
KCCCAGS	DREME-5	chr13	111607690	111607696	-	11.9091	7.84e-05	0.212	GCCCAGG
KCCCAGS	DREME-5	chr12	111843985	111843991	+	11.9091	7.84e-05	0.212	gcccagg
KCCCAGS	DREME-5	chrX	111885639	111885645	+	11.9091	7.84e-05	0.212	gcccagg
KCCCAGS	DREME-5	chr11	111976927	111976933	+	11.9091	7.84e-05	0.212	gcccagG
KCCCAGS	DREME-5	chr5	112340797	112340803	-	11.9091	7.84e-05	0.212	GCCCAGG
KCCCAGS	DREME-5	chr13	112574719	112574725	-	11.9091	7.84e-05	0.212	GCCCAGG
KCCCAGS	DREME-5	chr13	112574791	112574797	+	11.9091	7.84e-05	0.212	GCCCAGG
KCCCAGS	DREME-5	chr6	112603767	112603773	-	11.9091	7.84e-05	0.212	GCCCAGG
KCCCAGS	DREME-5	chr13	113407376	113407382	+	11.9091	7.84e-05	0.212	GCCCAGG
KCCCAGS	DREME-5	chr13	113985738	113985744	+	11.9091	7.84e-05	0.212	GCCCAGG
KCCCAGS	DREME-5	chr2	113991720	113991726	-	11.9091	7.84e-05	0.212	GCCCAGG
KCCCAGS	DREME-5	chr2	113991950	113991956	+	11.9091	7.84e-05	0.212	GCCCAGG
KCCCAGS	DREME-5	chr2	113992015	113992021	-	11.9091	7.84e-05	0.212	GCCCAGG
KCCCAGS	DREME-5	chr5	114270304	114270310	-	11.9091	7.84e-05	0.212	GCCCAGG
KCCCAGS	DREME-5	chr9	114389704	114389710	-	11.9091	7.84e-05	0.212	GCCCAGG
KCCCAGS	DREME-5	chr2	114788799	114788805	-	11.9091	7.84e-05	0.212	GCCCAGG
KCCCAGS	DREME-5	chr13	114878626	114878632	-	11.9091	7.84e-05	0.212	GCCCAGG
KCCCAGS	DREME-5	chr10	114886562	114886568	-	11.9091	7.84e-05	0.212	GCCCAGG
KCCCAGS	DREME-5	chr9	114932769	114932775	-	11.9091	7.84e-05	0.212	GCCCAGG
KCCCAGS	DREME-5	chr4	115030191	115030197	-	11.9091	7.84e-05	0.212	GCCCAGG
KCCCAGS	DREME-5	chr12	115130830	115130836	+	11.9091	7.84e-05	0.212	GCCCAGG
KCCCAGS	DREME-5	chr8	115694745	115694751	-	11.9091	7.84e-05	0.212	GCCCAGG
KCCCAGS	DREME-5	chr7	116188427	116188433	+	11.9091	7.84e-05	0.212	GCCCAGG
KCCCAGS	DREME-5	chr7	116269184	116269190	-	11.9091	7.84e-05	0.212	GCCCAGG
KCCCAGS	DREME-5	chr9	116303370	116303376	+	11.9091	7.84e-05	0.212	GCCCAGG
KCCCAGS	DREME-5	chr9	116741948	116741954	-	11.9091	7.84e-05	0.212	GCCCAGG
KCCCAGS	DREME-5	chr7	117222651	117222657	-	11.9091	7.84e-05	0.212	GCCCAGG
KCCCAGS	DREME-5	chrX	117398227	117398233	-	11.9091	7.84e-05	0.212	GCCCAGG
KCCCAGS	DREME-5	chr10	118032402	118032408	-	11.9091	7.84e-05	0.212	GCCCAGG
KCCCAGS	DREME-5	chr10	118032437	118032443	+	11.9091	7.84e-05	0.212	GCCCAGG
KCCCAGS	DREME-5	chr10	118032466	118032472	+	11.9091	7.84e-05	0.212	GCCCAGG
KCCCAGS	DREME-5	chr8	118499394	118499400	-	11.9091	7.84e-05	0.212	GCCCAGG
KCCCAGS	DREME-5	chr11	118859164	118859170	+	11.9091	7.84e-05	0.212	gcccagg
KCCCAGS	DREME-5	chr11	118859184	118859190	-	11.9091	7.84e-05	0.212	GCCCAGG
KCCCAGS	DREME-5	chr11	118859295	118859301	+	11.9091	7.84e-05	0.212	gcccagg
KCCCAGS	DREME-5	chr11	119015740	119015746	-	11.9091	7.84e-05	0.212	GCCCAGG
KCCCAGS	DREME-5	chr3	119133962	119133968	-	11.9091	7.84e-05	0.212	GCCCAGG
KCCCAGS	DREME-5	chr10	119467894	119467900	-	11.9091	7.84e-05	0.212	GCCCAGG
KCCCAGS	DREME-5	chr2	119571278	119571284	-	11.9091	7.84e-05	0.212	GCCCAGG
KCCCAGS	DREME-5	chr2	121089120	121089126	+	11.9091	7.84e-05	0.212	GCCCAGG
KCCCAGS	DREME-5	chr10	121134086	121134092	+	11.9091	7.84e-05	0.212	GCCCAGG
KCCCAGS	DREME-5	chr12	121189466	121189472	+	11.9091	7.84e-05	0.212	gcccagg
KCCCAGS	DREME-5	chr2	121901462	121901468	+	11.9091	7.84e-05	0.212	GCCCAGG
KCCCAGS	DREME-5	chr2	121901688	121901694	+	11.9091	7.84e-05	0.212	gcccagg
KCCCAGS	DREME-5	chr2	122011313	122011319	+	11.9091	7.84e-05	0.212	GCCCAGG
KCCCAGS	DREME-5	chr2	122011332	122011338	-	11.9091	7.84e-05	0.212	GCCCAGG
KCCCAGS	DREME-5	chr12	122114454	122114460	+	11.9091	7.84e-05	0.212	GCCCAGG
KCCCAGS	DREME-5	chr6	122178781	122178787	-	11.9091	7.84e-05	0.212	GCCCAGG
KCCCAGS	DREME-5	chr12	122615843	122615849	+	11.9091	7.84e-05	0.212	GCCCAGG
KCCCAGS	DREME-5	chr12	123206965	123206971	-	11.9091	7.84e-05	0.212	GCCCAGG
KCCCAGS	DREME-5	chr10	123404423	123404429	+	11.9091	7.84e-05	0.212	GCCCAGG
KCCCAGS	DREME-5	chr10	123523956	123523962	+	11.9091	7.84e-05	0.212	gcccagg
KCCCAGS	DREME-5	chr5	124248847	124248853	-	11.9091	7.84e-05	0.212	GCCCAGG
KCCCAGS	DREME-5	chr9	124513253	124513259	-	11.9091	7.84e-05	0.212	GCCCAGG
KCCCAGS	DREME-5	chr9	124513260	124513266	-	11.9091	7.84e-05	0.212	GCCCAGG
KCCCAGS	DREME-5	chr10	125348050	125348056	+	11.9091	7.84e-05	0.212	gcccagg
KCCCAGS	DREME-5	chr3	125680323	125680329	-	11.9091	7.84e-05	0.212	GCCCAGG
KCCCAGS	DREME-5	chr7	125893914	125893920	+	11.9091	7.84e-05	0.212	gcccagg
KCCCAGS	DREME-5	chr9	126390804	126390810	+	11.9091	7.84e-05	0.212	GCCCAGG
KCCCAGS	DREME-5	chr4	126495082	126495088	-	11.9091	7.84e-05	0.212	GCCCAGG
KCCCAGS	DREME-5	chr7	126687669	126687675	+	11.9091	7.84e-05	0.212	gcccagg
KCCCAGS	DREME-5	chr11	126731877	126731883	-	11.9091	7.84e-05	0.212	GCCCAGG
KCCCAGS	DREME-5	chr9	127181757	127181763	-	11.9091	7.84e-05	0.212	GCCCAGG
KCCCAGS	DREME-5	chr3	127192330	127192336	+	11.9091	7.84e-05	0.212	gcccagg
KCCCAGS	DREME-5	chr2	127671768	127671774	-	11.9091	7.84e-05	0.212	GCCCAGG
KCCCAGS	DREME-5	chr6	127718578	127718584	+	11.9091	7.84e-05	0.212	gcccagg
KCCCAGS	DREME-5	chr3	127945035	127945041	+	11.9091	7.84e-05	0.212	GCCCAGG
KCCCAGS	DREME-5	chr5	127975471	127975477	-	11.9091	7.84e-05	0.212	GCCCAGG
KCCCAGS	DREME-5	chr7	128171466	128171472	-	11.9091	7.84e-05	0.212	GCCCAGG
KCCCAGS	DREME-5	chr7	128171555	128171561	-	11.9091	7.84e-05	0.212	GCCCAGG
KCCCAGS	DREME-5	chr7	128171771	128171777	+	11.9091	7.84e-05	0.212	GCCCAGG
KCCCAGS	DREME-5	chr7	128171941	128171947	-	11.9091	7.84e-05	0.212	GCCCAGG
KCCCAGS	DREME-5	chr7	128171978	128171984	-	11.9091	7.84e-05	0.212	GCCCAGG
KCCCAGS	DREME-5	chr7	128172050	128172056	+	11.9091	7.84e-05	0.212	GCCCAGG
KCCCAGS	DREME-5	chr10	128251920	128251926	-	11.9091	7.84e-05	0.212	GCCCAGG
KCCCAGS	DREME-5	chr10	128251928	128251934	+	11.9091	7.84e-05	0.212	GCCCAGG
KCCCAGS	DREME-5	chr3	128268278	128268284	-	11.9091	7.84e-05	0.212	GCCCAGG
KCCCAGS	DREME-5	chr7	128468466	128468472	+	11.9091	7.84e-05	0.212	GCCCAGG
KCCCAGS	DREME-5	chr3	129296223	129296229	+	11.9091	7.84e-05	0.212	GCCCAGG
KCCCAGS	DREME-5	chr7	129425753	129425759	-	11.9091	7.84e-05	0.212	GCCCAGG
KCCCAGS	DREME-5	chr7	129541115	129541121	+	11.9091	7.84e-05	0.212	gcccagg
KCCCAGS	DREME-5	chrX	129663915	129663921	-	11.9091	7.84e-05	0.212	GCCCAGG
KCCCAGS	DREME-5	chrX	129664131	129664137	-	11.9091	7.84e-05	0.212	GCCCAGG
KCCCAGS	DREME-5	chr10	130509796	130509802	+	11.9091	7.84e-05	0.212	GCCCAGG
KCCCAGS	DREME-5	chr7	130706558	130706564	+	11.9091	7.84e-05	0.212	gcccagg
KCCCAGS	DREME-5	chr7	130706594	130706600	+	11.9091	7.84e-05	0.212	gcccagg
KCCCAGS	DREME-5	chr12	130835929	130835935	+	11.9091	7.84e-05	0.212	GCCCAGG
KCCCAGS	DREME-5	chr6	131081259	131081265	-	11.9091	7.84e-05	0.212	GCCCAGG
KCCCAGS	DREME-5	chr5	131410308	131410314	-	11.9091	7.84e-05	0.212	GCCCAGG
KCCCAGS	DREME-5	chr7	131491308	131491314	+	11.9091	7.84e-05	0.212	GCCCAGG
KCCCAGS	DREME-5	chr9	131638172	131638178	-	11.9091	7.84e-05	0.212	GCCCAGG
KCCCAGS	DREME-5	chr7	131777962	131777968	+	11.9091	7.84e-05	0.212	GCCCAGG
KCCCAGS	DREME-5	chr10	131820901	131820907	-	11.9091	7.84e-05	0.212	GCCCAGG
KCCCAGS	DREME-5	chr10	131834788	131834794	-	11.9091	7.84e-05	0.212	GCCCAGG
KCCCAGS	DREME-5	chr7	131845952	131845958	-	11.9091	7.84e-05	0.212	GCCCAGG
KCCCAGS	DREME-5	chr3	131915179	131915185	+	11.9091	7.84e-05	0.212	gcccagg
KCCCAGS	DREME-5	chr9	132213595	132213601	-	11.9091	7.84e-05	0.212	GCCCAGG
KCCCAGS	DREME-5	chr9	132214200	132214206	+	11.9091	7.84e-05	0.212	GCCCAGG
KCCCAGS	DREME-5	chr9	132331926	132331932	-	11.9091	7.84e-05	0.212	GCCCAGG
KCCCAGS	DREME-5	chr9	132428239	132428245	+	11.9091	7.84e-05	0.212	GCCCAGG
KCCCAGS	DREME-5	chr9	132791617	132791623	-	11.9091	7.84e-05	0.212	GCCCAGG
KCCCAGS	DREME-5	chr9	132894105	132894111	-	11.9091	7.84e-05	0.212	GCCCAGG
KCCCAGS	DREME-5	chr9	133063985	133063991	-	11.9091	7.84e-05	0.212	GCCCAGG
KCCCAGS	DREME-5	chr10	133109501	133109507	+	11.9091	7.84e-05	0.212	GCCCAGG
KCCCAGS	DREME-5	chr2	134164965	134164971	+	11.9091	7.84e-05	0.212	GCCCAGG
KCCCAGS	DREME-5	chr2	134165144	134165150	+	11.9091	7.84e-05	0.212	GCCCAGG
KCCCAGS	DREME-5	chr10	134773206	134773212	-	11.9091	7.84e-05	0.212	GCCCAGG
KCCCAGS	DREME-5	chr11	134816049	134816055	-	11.9091	7.84e-05	0.212	GCCCAGG
KCCCAGS	DREME-5	chr11	134894851	134894857	-	11.9091	7.84e-05	0.212	GCCCAGG
KCCCAGS	DREME-5	chr10	135061735	135061741	-	11.9091	7.84e-05	0.212	GCCCAGG
KCCCAGS	DREME-5	chr10	135075251	135075257	-	11.9091	7.84e-05	0.212	GCCCAGG
KCCCAGS	DREME-5	chr10	135088415	135088421	+	11.9091	7.84e-05	0.212	GCCCAGG
KCCCAGS	DREME-5	chr5	135113624	135113630	-	11.9091	7.84e-05	0.212	GCCCAGG
KCCCAGS	DREME-5	chr2	135482619	135482625	+	11.9091	7.84e-05	0.212	gcccagg
KCCCAGS	DREME-5	chr5	135750758	135750764	-	11.9091	7.84e-05	0.212	GCCCAGG
KCCCAGS	DREME-5	chr9	135941870	135941876	-	11.9091	7.84e-05	0.212	GCCCAGG
KCCCAGS	DREME-5	chr9	135995729	135995735	-	11.9091	7.84e-05	0.212	GCCCAGG
KCCCAGS	DREME-5	chr9	135995735	135995741	-	11.9091	7.84e-05	0.212	GCCCAGG
KCCCAGS	DREME-5	chr8	136496644	136496650	-	11.9091	7.84e-05	0.212	GCCCAGG
KCCCAGS	DREME-5	chr9	137096181	137096187	+	11.9091	7.84e-05	0.212	GCCCAGG
KCCCAGS	DREME-5	chr9	137534606	137534612	-	11.9091	7.84e-05	0.212	GCCCAGG
KCCCAGS	DREME-5	chr7	137565407	137565413	-	11.9091	7.84e-05	0.212	GCCCAGG
KCCCAGS	DREME-5	chr9	138056487	138056493	+	11.9091	7.84e-05	0.212	GCCCAGG
KCCCAGS	DREME-5	chr9	138136694	138136700	-	11.9091	7.84e-05	0.212	GCCCAGG
KCCCAGS	DREME-5	chr9	138136851	138136857	+	11.9091	7.84e-05	0.212	GCCCAGG
KCCCAGS	DREME-5	chr9	138136872	138136878	-	11.9091	7.84e-05	0.212	GCCCAGG
KCCCAGS	DREME-5	chr5	138423153	138423159	+	11.9091	7.84e-05	0.212	gcccagg
KCCCAGS	DREME-5	chr9	138468251	138468257	+	11.9091	7.84e-05	0.212	GCCCAGG
KCCCAGS	DREME-5	chr9	139000158	139000164	-	11.9091	7.84e-05	0.212	GCCCAGG
KCCCAGS	DREME-5	chr9	139000392	139000398	+	11.9091	7.84e-05	0.212	GCCCAGG
KCCCAGS	DREME-5	chr9	139000528	139000534	+	11.9091	7.84e-05	0.212	GCCCAGG
KCCCAGS	DREME-5	chr9	139051940	139051946	-	11.9091	7.84e-05	0.212	GCCCAGG
KCCCAGS	DREME-5	chr9	139052122	139052128	+	11.9091	7.84e-05	0.212	GCCCAGG
KCCCAGS	DREME-5	chr9	139052282	139052288	+	11.9091	7.84e-05	0.212	GCCCAGG
KCCCAGS	DREME-5	chr9	139121803	139121809	+	11.9091	7.84e-05	0.212	GCCCAGG
KCCCAGS	DREME-5	chr6	139165051	139165057	-	11.9091	7.84e-05	0.212	GCCCAGG
KCCCAGS	DREME-5	chr9	139871799	139871805	+	11.9091	7.84e-05	0.212	GCCCAGG
KCCCAGS	DREME-5	chr7	139967487	139967493	+	11.9091	7.84e-05	0.212	GCCCAGG
KCCCAGS	DREME-5	chr9	140046994	140047000	+	11.9091	7.84e-05	0.212	GCCCAGG
KCCCAGS	DREME-5	chr9	140148286	140148292	+	11.9091	7.84e-05	0.212	GCCCAGG
KCCCAGS	DREME-5	chr9	140348356	140348362	-	11.9091	7.84e-05	0.212	GCCCAGG
KCCCAGS	DREME-5	chr9	140348493	140348499	-	11.9091	7.84e-05	0.212	GCCCAGG
KCCCAGS	DREME-5	chr9	140354023	140354029	-	11.9091	7.84e-05	0.212	GCCCAGG
KCCCAGS	DREME-5	chr9	140408484	140408490	-	11.9091	7.84e-05	0.212	GCCCAGG
KCCCAGS	DREME-5	chr9	140722698	140722704	+	11.9091	7.84e-05	0.212	GCCCAGG
KCCCAGS	DREME-5	chr9	140771855	140771861	+	11.9091	7.84e-05	0.212	gcccAGG
KCCCAGS	DREME-5	chr8	140989514	140989520	-	11.9091	7.84e-05	0.212	GCCCAGG
KCCCAGS	DREME-5	chr3	141027656	141027662	+	11.9091	7.84e-05	0.212	GCCCAGG
KCCCAGS	DREME-5	chr8	142633196	142633202	-	11.9091	7.84e-05	0.212	GCCCAGG
KCCCAGS	DREME-5	chr8	143201813	143201819	-	11.9091	7.84e-05	0.212	GCCCAGG
KCCCAGS	DREME-5	chr8	143202092	143202098	+	11.9091	7.84e-05	0.212	gcccagg
KCCCAGS	DREME-5	chr4	143519823	143519829	+	11.9091	7.84e-05	0.212	gcccagg
KCCCAGS	DREME-5	chr8	143845572	143845578	-	11.9091	7.84e-05	0.212	GCCCAGG
KCCCAGS	DREME-5	chr8	143845719	143845725	+	11.9091	7.84e-05	0.212	GCCCAGG
KCCCAGS	DREME-5	chr8	144651745	144651751	+	11.9091	7.84e-05	0.212	GCCCAGG
KCCCAGS	DREME-5	chr8	145244368	145244374	-	11.9091	7.84e-05	0.212	GCCCAGG
KCCCAGS	DREME-5	chr5	147291187	147291193	-	11.9091	7.84e-05	0.212	GCCCAGG
KCCCAGS	DREME-5	chr6	149749264	149749270	-	11.9091	7.84e-05	0.212	GCCCAGG
KCCCAGS	DREME-5	chr6	149766656	149766662	+	11.9091	7.84e-05	0.212	GCCCAGG
KCCCAGS	DREME-5	chr4	150045813	150045819	+	11.9091	7.84e-05	0.212	GCCCAGG
KCCCAGS	DREME-5	chrX	150103257	150103263	-	11.9091	7.84e-05	0.212	GCCCAGG
KCCCAGS	DREME-5	chr3	150586161	150586167	+	11.9091	7.84e-05	0.212	GCCCAGG
KCCCAGS	DREME-5	chr4	150648786	150648792	+	11.9091	7.84e-05	0.212	gcccagg
KCCCAGS	DREME-5	chr1	151392584	151392590	+	11.9091	7.84e-05	0.212	gcccagg
KCCCAGS	DREME-5	chr4	151504589	151504595	+	11.9091	7.84e-05	0.212	GCCCAGG
KCCCAGS	DREME-5	chr4	151505065	151505071	-	11.9091	7.84e-05	0.212	GCCCAGG
KCCCAGS	DREME-5	chr5	151622629	151622635	+	11.9091	7.84e-05	0.212	GCCCAGG
KCCCAGS	DREME-5	chr1	151803215	151803221	-	11.9091	7.84e-05	0.212	GCCCAGG
KCCCAGS	DREME-5	chr3	152695517	152695523	+	11.9091	7.84e-05	0.212	gcccagg
KCCCAGS	DREME-5	chr1	153457021	153457027	+	11.9091	7.84e-05	0.212	GCCCAGG
KCCCAGS	DREME-5	chr4	153913310	153913316	+	11.9091	7.84e-05	0.212	GCCCAGG
KCCCAGS	DREME-5	chr4	154134052	154134058	-	11.9091	7.84e-05	0.212	GCCCAGG
KCCCAGS	DREME-5	chr7	154895506	154895512	+	11.9091	7.84e-05	0.212	GCCCAGG
KCCCAGS	DREME-5	chr7	155136186	155136192	+	11.9091	7.84e-05	0.212	GCCCAGG
KCCCAGS	DREME-5	chr7	155607921	155607927	-	11.9091	7.84e-05	0.212	GCCCAGG
KCCCAGS	DREME-5	chr7	155608079	155608085	-	11.9091	7.84e-05	0.212	GCCCAGG
KCCCAGS	DREME-5	chr3	157413233	157413239	+	11.9091	7.84e-05	0.212	GCCCAGG
KCCCAGS	DREME-5	chr7	157485001	157485007	+	11.9091	7.84e-05	0.212	GCCCAGG
KCCCAGS	DREME-5	chr7	157485247	157485253	+	11.9091	7.84e-05	0.212	GCCCAGG
KCCCAGS	DREME-5	chr7	157638280	157638286	+	11.9091	7.84e-05	0.212	GCCCAGG
KCCCAGS	DREME-5	chr7	157819690	157819696	+	11.9091	7.84e-05	0.212	GCCCAGG
KCCCAGS	DREME-5	chr7	158380430	158380436	+	11.9091	7.84e-05	0.212	gcccagg
KCCCAGS	DREME-5	chr7	158656095	158656101	+	11.9091	7.84e-05	0.212	gcccagg
KCCCAGS	DREME-5	chr7	158657239	158657245	-	11.9091	7.84e-05	0.212	GCCCAGG
KCCCAGS	DREME-5	chr6	158923599	158923605	+	11.9091	7.84e-05	0.212	GCCCAGG
KCCCAGS	DREME-5	chr7	158994842	158994848	-	11.9091	7.84e-05	0.212	GCCCAGG
KCCCAGS	DREME-5	chr5	159264438	159264444	-	11.9091	7.84e-05	0.212	GCCCAGG
KCCCAGS	DREME-5	chr3	159514794	159514800	+	11.9091	7.84e-05	0.212	GCCCAGG
KCCCAGS	DREME-5	chr6	159756979	159756985	+	11.9091	7.84e-05	0.212	GCCCAGG
KCCCAGS	DREME-5	chr2	161067274	161067280	-	11.9091	7.84e-05	0.212	GCCCAGG
KCCCAGS	DREME-5	chr2	161067333	161067339	+	11.9091	7.84e-05	0.212	GCCCAGG
KCCCAGS	DREME-5	chr6	161339596	161339602	+	11.9091	7.84e-05	0.212	GCCCAGG
KCCCAGS	DREME-5	chr5	161654168	161654174	-	11.9091	7.84e-05	0.212	GCCCAGG
KCCCAGS	DREME-5	chr1	162005278	162005284	+	11.9091	7.84e-05	0.212	GCCCAGG
KCCCAGS	DREME-5	chr5	162650685	162650691	-	11.9091	7.84e-05	0.212	GCCCAGG
KCCCAGS	DREME-5	chr6	167651476	167651482	-	11.9091	7.84e-05	0.212	GCCCAGG
KCCCAGS	DREME-5	chr6	169051691	169051697	-	11.9091	7.84e-05	0.212	GCCCAGG
KCCCAGS	DREME-5	chr1	169446743	169446749	+	11.9091	7.84e-05	0.212	GCCCAGG
KCCCAGS	DREME-5	chr4	170095651	170095657	+	11.9091	7.84e-05	0.212	gcccagg
KCCCAGS	DREME-5	chr6	170124959	170124965	+	11.9091	7.84e-05	0.212	GCCCAGG
KCCCAGS	DREME-5	chr3	171394199	171394205	+	11.9091	7.84e-05	0.212	gcccagg
KCCCAGS	DREME-5	chr3	171394348	171394354	+	11.9091	7.84e-05	0.212	GCCCAGG
KCCCAGS	DREME-5	chr3	171955155	171955161	+	11.9091	7.84e-05	0.212	gcccagg
KCCCAGS	DREME-5	chr3	172251772	172251778	+	11.9091	7.84e-05	0.212	gcccagg
KCCCAGS	DREME-5	chr2	172929975	172929981	+	11.9091	7.84e-05	0.212	GCCCAGG
KCCCAGS	DREME-5	chr1	175575805	175575811	+	11.9091	7.84e-05	0.212	gcccagg
KCCCAGS	DREME-5	chr5	176249691	176249697	-	11.9091	7.84e-05	0.212	GCCCAGG
KCCCAGS	DREME-5	chr5	176530777	176530783	+	11.9091	7.84e-05	0.212	gcccagg
KCCCAGS	DREME-5	chr5	176798289	176798295	+	11.9091	7.84e-05	0.212	GCCCAGG
KCCCAGS	DREME-5	chr1	176945875	176945881	-	11.9091	7.84e-05	0.212	GCCCAGG
KCCCAGS	DREME-5	chr4	178171499	178171505	+	11.9091	7.84e-05	0.212	GCCCAGG
KCCCAGS	DREME-5	chr1	180877386	180877392	-	11.9091	7.84e-05	0.212	GCCCAGG
KCCCAGS	DREME-5	chr1	181047110	181047116	-	11.9091	7.84e-05	0.212	GCCCAGG
KCCCAGS	DREME-5	chr1	181707906	181707912	-	11.9091	7.84e-05	0.212	GCCCAGG
KCCCAGS	DREME-5	chr4	182533531	182533537	+	11.9091	7.84e-05	0.212	GCCCAGG
KCCCAGS	DREME-5	chr4	184319626	184319632	-	11.9091	7.84e-05	0.212	GCCCAGG
KCCCAGS	DREME-5	chr1	184653899	184653905	+	11.9091	7.84e-05	0.212	GCCCAGG
KCCCAGS	DREME-5	chr4	184728880	184728886	+	11.9091	7.84e-05	0.212	GCCCAGG
KCCCAGS	DREME-5	chr1	188347652	188347658	-	11.9091	7.84e-05	0.212	GCCCAGG
KCCCAGS	DREME-5	chr1	189118855	189118861	-	11.9091	7.84e-05	0.212	GCCCAGG
KCCCAGS	DREME-5	chr4	189189820	189189826	+	11.9091	7.84e-05	0.212	GCCCAGG
KCCCAGS	DREME-5	chr2	191301750	191301756	-	11.9091	7.84e-05	0.212	GCCCAGG
KCCCAGS	DREME-5	chr1	191671074	191671080	+	11.9091	7.84e-05	0.212	gcccagg
KCCCAGS	DREME-5	chr1	191671258	191671264	-	11.9091	7.84e-05	0.212	GCCCAGG
KCCCAGS	DREME-5	chr3	195934976	195934982	+	11.9091	7.84e-05	0.212	gcccagg
KCCCAGS	DREME-5	chr3	195935430	195935436	-	11.9091	7.84e-05	0.212	GCCCAGG
KCCCAGS	DREME-5	chr2	196943411	196943417	-	11.9091	7.84e-05	0.212	GCCCAGG
KCCCAGS	DREME-5	chr1	199211728	199211734	+	11.9091	7.84e-05	0.212	gcccagg
KCCCAGS	DREME-5	chr1	199211748	199211754	-	11.9091	7.84e-05	0.212	GCCCAGG
KCCCAGS	DREME-5	chr2	201831792	201831798	-	11.9091	7.84e-05	0.212	GCCCAGG
KCCCAGS	DREME-5	chr2	202711418	202711424	+	11.9091	7.84e-05	0.212	gcccagg
KCCCAGS	DREME-5	chr1	204329252	204329258	-	11.9091	7.84e-05	0.212	GCCCAGG
KCCCAGS	DREME-5	chr2	207269445	207269451	+	11.9091	7.84e-05	0.212	gcccagg
KCCCAGS	DREME-5	chr2	207535857	207535863	+	11.9091	7.84e-05	0.212	GCCCAGG
KCCCAGS	DREME-5	chr2	208093153	208093159	+	11.9091	7.84e-05	0.212	gcccagg
KCCCAGS	DREME-5	chr2	209044208	209044214	-	11.9091	7.84e-05	0.212	GCCCAGG
KCCCAGS	DREME-5	chr1	213491345	213491351	-	11.9091	7.84e-05	0.212	GCCCAGG
KCCCAGS	DREME-5	chr2	215674189	215674195	+	11.9091	7.84e-05	0.212	GCCCAGG
KCCCAGS	DREME-5	chr2	215674777	215674783	+	11.9091	7.84e-05	0.212	GCCCAGG
KCCCAGS	DREME-5	chr2	215674846	215674852	+	11.9091	7.84e-05	0.212	GCCCAGG
KCCCAGS	DREME-5	chr2	218898442	218898448	-	11.9091	7.84e-05	0.212	GCCCAGG
KCCCAGS	DREME-5	chr2	218898474	218898480	-	11.9091	7.84e-05	0.212	GCCCAGG
KCCCAGS	DREME-5	chr1	219392920	219392926	+	11.9091	7.84e-05	0.212	gcccagg
KCCCAGS	DREME-5	chr1	219393103	219393109	+	11.9091	7.84e-05	0.212	GCCCAGG
KCCCAGS	DREME-5	chr1	224508269	224508275	+	11.9091	7.84e-05	0.212	gcccagg
KCCCAGS	DREME-5	chr2	225025862	225025868	-	11.9091	7.84e-05	0.212	GCCCAGG
KCCCAGS	DREME-5	chr1	225455481	225455487	+	11.9091	7.84e-05	0.212	GCCCAGG
KCCCAGS	DREME-5	chr1	228731909	228731915	+	11.9091	7.84e-05	0.212	gcccagg
KCCCAGS	DREME-5	chr1	228731944	228731950	+	11.9091	7.84e-05	0.212	gcccagg
KCCCAGS	DREME-5	chr1	228732361	228732367	+	11.9091	7.84e-05	0.212	gcccagg
KCCCAGS	DREME-5	chr1	228732605	228732611	+	11.9091	7.84e-05	0.212	gcccagg
KCCCAGS	DREME-5	chr1	229710257	229710263	-	11.9091	7.84e-05	0.212	GCCCAGG
KCCCAGS	DREME-5	chr2	230305082	230305088	-	11.9091	7.84e-05	0.212	GCCCAGG
KCCCAGS	DREME-5	chr2	232517336	232517342	-	11.9091	7.84e-05	0.212	GCCCAGG
KCCCAGS	DREME-5	chr2	233407653	233407659	+	11.9091	7.84e-05	0.212	GCCCAGG
KCCCAGS	DREME-5	chr2	233786251	233786257	-	11.9091	7.84e-05	0.212	GCCCAGG
KCCCAGS	DREME-5	chr2	234055108	234055114	-	11.9091	7.84e-05	0.212	GCCCAGG
KCCCAGS	DREME-5	chr2	237088545	237088551	-	11.9091	7.84e-05	0.212	GCCCAGG
KCCCAGS	DREME-5	chr2	238864779	238864785	-	11.9091	7.84e-05	0.212	GCCCAGG
KCCCAGS	DREME-5	chr2	240224679	240224685	-	11.9091	7.84e-05	0.212	GCCCAGG
KCCCAGS	DREME-5	chr2	240633305	240633311	-	11.9091	7.84e-05	0.212	GCCCAGG
KCCCAGS	DREME-5	chr2	241173631	241173637	-	11.9091	7.84e-05	0.212	GCCCAGG
KCCCAGS	DREME-5	chr2	241611678	241611684	+	11.9091	7.84e-05	0.212	GCCCAGG
KCCCAGS	DREME-5	chr2	241969583	241969589	+	11.9091	7.84e-05	0.212	GCCCAGG
KCCCAGS	DREME-5	chr2	242598803	242598809	+	11.9091	7.84e-05	0.212	GCCCAGG
KCCCAGS	DREME-5	chr1	243936836	243936842	+	11.9091	7.84e-05	0.212	gcccagg
KCCCAGS	DREME-5	chr1	243936898	243936904	-	11.9091	7.84e-05	0.212	GCCCAGG
KCCCAGS	DREME-5	chr1	249101480	249101486	+	11.9091	7.84e-05	0.212	GCCCAGG

# FIMO (Find Individual Motif Occurrences): Version 5.0.1 compiled on Aug  7 2018 at 21:56:19
# The format of this file is described at http://meme-suite.org/doc/fimo-output-format.html.
# /software/meme/5.0.1/bin/fimo --parse-genomic-coord --verbosity 1 --oc meme_chip_pc1.soft.stiff.highest.2/fimo_out_5 --bgfile meme_chip_pc1.soft.stiff.highest.2/background --motif KCCCAGS meme_chip_pc1.soft.stiff.highest.2/dreme_out/dreme.xml meme_chip_pc1.soft.stiff.highest.2/pc1.soft.stiff.highest.2.fa
