"X100Pa_3D_Rep1"	"X100Pa_3D_Rep2"	"X100Pa_3D_Rep3"	"X2000Pa_3D_Rep1"	"X2000Pa_3D_Rep2"	"X2000Pa_3D_Rep3"
"chr11_76499739_76500071"	2.79973957752531	3.43101842385737	3.67379054191136	4.52470184012831	4.50732867916918	4.66768586487294
"chr1_152359449_152359901"	3.63234022954743	2.23312613343267	1.7774253803707	3.51436540005322	4.26338001987409	3.66808901366857
"chr9_16393342_16393660"	2.0730723566697	1.88052074123375	1.50545556407297	2.76227793179104	2.95330610115019	3.4964765423075
"chr2_173832837_173833224"	3.3157387000681	2.88925335688157	2.70737754262782	4.03482239453068	4.29847338288128	4.36547935999784
"chr4_123634047_123634233"	2.22344795014514	1.61388604334152	0.80764493645357	3.40316643785128	2.96628802820812	2.1615493359409
"chr7_1499053_1499558"	4.37443758944946	4.49664092276353	4.70657467178988	5.64312820551266	5.84942690553985	5.88878646098242
"chr7_134573105_134573448"	2.60520747791196	3.64496157500331	3.82344016225825	4.77465044677449	4.43799469548742	4.6838783991852
"chr6_18353112_18353495"	1.86361017491554	3.18077025155411	3.81195255756813	4.01058179780428	4.31213245693403	4.34327679268768
"chr9_128734342_128734809"	2.49263257458491	2.98892816678277	3.6816045830882	4.22778658422838	4.60126993985719	4.18007678207008
"chr2_113571867_113572196"	2.71674030362888	2.83817137139385	3.26419010435078	3.87450715778686	4.37331735543498	4.37595776909587
"chr22_50324459_50324985"	4.27346666875112	3.77495027589759	3.73888883606655	4.87593465650314	5.34135598769271	5.37028212846435
"chr9_131012685_131013018"	3.38926815321807	3.03065407475237	2.53346302154966	4.35264332805314	4.20188413239078	4.22873743493631
"chr17_27907399_27907709"	3.80525441599076	3.29949581158033	2.77749863048899	4.78499493478586	4.61410537737106	4.34220407953511
"chrX_77165957_77166215"	2.20828371997494	2.16411012907241	1.73206662655251	3.55093272623535	3.16152450697922	3.24392591808023
"chr16_51059688_51059845"	2.87645179037106	1.84008704461131	0.418464797991971	2.96424187653025	3.07380262233597	2.92993616568198
"chr1_148932012_148932345"	2.12414525320227	2.03903624140491	2.03111919803391	3.42074252335524	3.38960438066877	3.24243347581634
"chr1_166143449_166143660"	2.8397286916273	2.3357595859313	2.03544551116912	3.72886020412849	3.76984599340741	3.57034991552024
"chr16_73104482_73104746"	2.11495584089632	2.8924409592168	3.39578058716431	4.03657131935847	4.18082183304322	4.05329783832263
"chr19_38424758_38424989"	3.30003926987639	2.48009246302188	1.65444957603773	3.82727433673111	3.85123608787525	3.62361165013733
"chrX_13910877_13911291"	3.18340273222818	2.85386632063781	2.15089339128748	4.08953712675017	3.85194802198392	4.09886832576914
"chr4_85873204_85873511"	2.67751273570479	2.75103581266474	3.27509679801994	4.20283882149638	4.45784036151446	3.93890830353646
"chr12_59197754_59198002"	1.41350808434838	1.9005399844517	2.42335812058564	3.09589293692655	3.35912649723901	3.15992384603013
"chr9_110739086_110739415"	3.5204254513864	2.02161843571755	1.53843340247907	2.85671537170632	4.12767381828778	3.91093766387325
"chr12_28210943_28211178"	1.18537254289492	2.52399783773274	2.64592052786249	3.2575873233344	3.04336052404305	3.88484372007383
"chr1_44495640_44496106"	3.56030883631919	3.53062376272719	3.39209932377589	4.84767115520526	4.73944624968112	4.78219235446656
"chr17_47355182_47355671"	2.91352027028645	2.76618107710006	2.18215167424252	4.11758035413935	3.73260320138117	3.89968574623022
"chr2_91793405_91793717"	3.26595242784177	3.43710884963257	2.84956087714076	4.85962572564915	4.1787245948942	4.42266685763517
"chr17_43502969_43503446"	2.49028392414026	3.0711210370697	3.5545540401598	4.37242249019898	4.4723887069403	4.19119003514034
"chr1_153721942_153722206"	3.9464763831451	3.06891891071493	1.88524895521098	4.37133885228574	4.3064364605533	4.12454406233463
"chr8_102021821_102022197"	3.49466641845185	3.29281639447217	3.14715746239229	4.46691686935474	4.59762871994513	4.75325606226551
"chr11_61809600_61810070"	3.87979671995906	3.25634456702021	2.25954811421453	4.48397104311051	4.3382660367541	4.46486053235895
"chr6_137183878_137184142"	2.55372871771162	2.32519016836747	2.07880706307022	3.52496650353931	3.57972716344576	3.74857168068169
"chr1_228757821_228758051"	3.33481963055379	2.78313248534896	0.646778890938189	3.97759534035312	3.1299545695206	3.56202737947083
"chr2_37852325_37852566"	1.77396760004736	2.14827609114461	2.50831504430641	3.09542451936772	3.50456998687112	3.71621655782122
"chrX_56260119_56260468"	3.5648269497647	3.19293371126402	2.70854356540736	4.43367368205624	4.39365405677183	4.54451310506748
"chr5_149230661_149231064"	3.430550135967	3.62647515055554	3.13750607160436	4.77982480056501	4.36530526190063	4.9463410727534
"chr15_82189710_82189953"	1.25180748598169	1.93761292672758	2.3317871073363	3.48823339858896	3.28243977989499	2.7341126095454
"chr2_202223482_202223858"	3.14789523116198	2.31002740194366	1.9650247950283	3.74867019000541	3.99404823228479	3.61647071091427
"chr2_1708774_1709175"	3.99334664930518	3.63770744867806	3.50040536067103	5.23958303045684	5.1481566267865	4.71191377260294
"chr7_84218345_84218721"	2.3810309475583	2.51577364896893	2.85230706466385	3.81481251899624	4.02124448811552	3.85107342940986
"chr8_92261314_92261552"	2.30244193312553	1.7792959369096	1.88208031542086	3.42475984737468	3.5643190362265	2.94677369253815
"chr6_11096449_11096703"	3.50956821816355	2.89016396792816	2.22261137287203	4.20091835063067	4.19067649364098	4.16214607992231
"chr7_94286973_94288008"	5.07884493981608	5.21126997425167	5.11921083912897	6.38064489365114	6.34120381328636	6.61264591687874
"chr10_71135069_71135838"	3.5784921722748	3.83931849141952	4.16833194041453	5.20679246209368	5.28731655866477	5.06016134125329
"chr14_106126150_106127636"	4.40082812194679	4.22842398431232	3.75790916876812	5.43975848575477	5.28886316992223	5.59396427131352
"chr14_81088116_81088422"	2.93605036060774	3.0328271939508	2.1368273005001	3.93895694810961	3.4986942444637	4.56112086326586
"chr3_18336594_18337177"	3.94337753693056	3.71679950991278	3.87662856738424	4.97969232671094	5.29439299062198	5.21272794093142
"chr9_131790538_131790967"	3.42395713474741	3.62230161463756	3.85453012354438	5.02291228089091	5.03244212909064	4.82999969830312
"chr10_106184497_106184867"	2.43575656551083	2.61578115797123	3.304158159809	3.94691396350454	4.41305080685608	3.98290748519501
"chr6_134373730_134373921"	3.1810098950064	1.79337002597684	0.785555086962204	2.938426467245	3.59404764347607	3.18185355509548
"chr16_81895184_81895412"	3.71810081913931	2.95349075681942	1.42573894593174	4.20967863797543	3.9104337505008	3.9483664159791
"chr17_61678058_61678490"	3.62624526527543	3.00774425533877	3.21407521888054	4.38248342935387	4.88088710628402	4.56218211510576
"chr9_88178855_88179058"	1.93669896419262	1.74433199504333	1.79361412079971	3.066359885067	3.23061453835382	3.15586705471562
"chr2_11295104_11295787"	3.82035305105371	4.07183448763603	4.26465018064471	5.51984164296319	5.43507797155356	5.21046872364948
"chr16_68678731_68679545"	4.50668221359586	3.98596449440372	3.2822105220294	5.40815043123961	5.22152124234339	5.14117338091638
"chr10_71152309_71152594"	3.14751393172263	2.87256894361438	2.31395117621095	4.12354086111692	3.96730679363742	4.21601080233872
"chr19_54676728_54677083"	3.67376483992275	3.21802571576447	2.21479279503655	4.55508436711247	4.19225448868458	4.34581034396831
"chr2_45186060_45186480"	3.20282636947779	3.18128249199423	3.81082925116972	4.4647491405555	5.0247601405446	4.69765568776356
"chr18_77854010_77854249"	1.6417101934639	1.63885234317247	2.49018964381992	3.01613748839116	3.66836166583107	3.10137983944777
"chr17_52978498_52979178"	4.25735294605665	3.45342100345882	2.53437733174433	4.7202901365558	4.77982939069853	4.73735074812723
"chr20_1184689_1185042"	3.00473359353779	3.09051378177115	3.39397007436738	4.47648033136146	4.62796516626645	4.40208224340527
"chr5_94397419_94397706"	0	2.65885593792818	3.47184485004962	3.23207916208703	3.50395282582538	3.42225782534529
"chr7_120373260_120373496"	2.31039029666785	2.13185730502315	1.65999269338943	3.57187470652319	3.26747975620509	3.29951020080264
"chr2_119462739_119462908"	2.8709884447358	1.84393025882224	0.383038282103093	2.7999939617669	3.07819649642235	3.20908095220505
"chr5_179087124_179087387"	2.0449508730114	2.4884394140028	1.12864166611869	3.61348523483304	2.27892633304523	3.75209466826755
"chr11_17819846_17820355"	2.93171474492136	3.46411582826775	3.9965664468874	4.78548040105962	4.96998503477459	4.68741837017136
"chrX_149108544_149108930"	3.39048986870613	3.25898503015062	2.89310604867713	4.73635930658396	4.45021688345098	4.41282740203581
"chr5_42555945_42556232"	2.64896497178293	2.76024925348358	2.04782449829105	4.50617776095088	3.6532058898163	3.40005430155999
"chr2_74229641_74229875"	2.77548238933231	2.49448087176869	2.26491982395617	4.11905371043169	3.92784838628886	3.57208118312008
"chr9_37027626_37027955"	3.48098696509788	3.2260513586821	3.1721210749798	4.64282818692754	4.71094081564416	4.58071586486316
"chr1_241363934_241364443"	3.61205913355081	2.38980928417065	1.55928593896497	3.37553560772006	4.12803759793006	4.06117004255432
"chr3_122328973_122329206"	1.03154272408126	1.9806586627122	2.21426521593083	2.99224513703308	2.93816958324647	3.32807854446053
"chr5_172759057_172759297"	3.51720888849039	2.88610877824916	2.60593430163238	4.19893653218175	4.47037498292694	4.39924536543204
"chr1_51983649_51983970"	3.02502577742978	2.08688839563391	1.18071551738198	3.19760684265657	3.54170445130056	3.5943035962422
"chr2_74210828_74211135"	2.7221675281957	3.31995859689297	3.38249194528587	4.44496313636789	4.33003664909386	4.70746776053797
"chrX_56589868_56590461"	3.01352464703639	3.16686274090549	2.92424714137713	4.5124260687015	4.23558778095083	4.44559363434379
"chr19_1875762_1876361"	4.80856353563065	3.95247372720435	2.34058412963524	4.96560944159477	4.95145070267574	5.23695626046977
"chr3_179478809_179479064"	2.02060111059742	2.36615917485582	2.34608330368937	3.83191971491052	3.5300927353984	3.48834244913257
"chr2_102744557_102744793"	3.75010918794731	2.40072219759123	0	3.45767667869688	3.36502997369333	3.40472982250893
"chr2_101996997_101997234"	1.62265296277703	2.32550643337842	2.79088368016401	3.41429399842267	3.67265452246208	3.74873658724052
"chr19_16997232_16997687"	2.9120538001802	2.95051030015976	3.56514878170271	4.16191403976335	4.77414967960255	4.58944556950334
"chr5_43042958_43043556"	3.88259829845272	3.45748244684352	2.41550585237844	4.64172805104692	4.38556807297898	4.81331054648508
"chr2_56150467_56151074"	1.30500186387241	3.5669845304241	4.41226448334288	4.32585787728887	4.67858416855121	4.41005384882603
"chr6_123056810_123057170"	2.14590688229367	2.58221630870183	2.30938163621876	3.76003078758291	3.40897110493933	3.96480816131482
"chr6_16704862_16705342"	3.38865606509533	2.54273120088039	2.05508828883855	3.82816690966783	4.17891431751866	4.08761754264958
"chr6_27720037_27720344"	1.50849178900779	2.47386507286205	3.04886534049705	3.5704132433542	3.81312892303925	3.77516292075589
"chr3_104347956_104348180"	1.35394352879424	1.50896492910743	2.59226299813109	3.62212159130276	3.86061728737765	2.22786560356711
"chr7_99774911_99775592"	4.69638177490394	3.88052872206971	2.56518688776897	5.01361640048367	5.02533496867547	5.21920927808607
"chr7_38272190_38272625"	2.99831449420065	2.51640946645006	1.66150040727406	4.05569067360448	3.70862629195925	3.58664836863747
"chr20_36899530_36899847"	3.80893038969259	3.14955817110521	1.76828777458593	4.22712542505917	4.09769069359113	4.52090507817509
"chr3_29294213_29294400"	2.49114775564485	1.68389029933518	1.36938963474834	3.03734628114493	3.40627597307919	3.25205769453939
"chr10_105238811_105239244"	2.72372107460298	2.83240982421765	2.62132475309094	4.14944996310404	3.97614086862479	4.21716659544774
"chr2_113357722_113357972"	2.61941863587367	2.15540334803731	1.54366402303079	3.23649821700311	3.40818249565878	3.80533276106065
"chr11_108569268_108569485"	0.879900352966338	2.00608655942231	2.13823302618199	3.1527706610516	2.8197843560266	3.22251381827304
"chr17_1449007_1449230"	1.66739125441838	2.0195245303271	2.9682602127344	3.2064569766	4.00318643576302	3.62265075853284
"chr12_13153102_13153828"	3.44045928215518	4.24311968534733	4.53464365640951	5.40005169271968	5.3972274650221	5.59313754758432
"chr13_113469277_113469488"	1.84994011879953	2.1274187535689	2.18767116406838	3.34661234855969	3.3765625190094	3.61438235338245
"chr8_145691132_145691453"	3.77666621545888	3.82126107047772	3.73660343058325	4.98113346654532	5.09351418344567	5.42209893705987
"chr16_402640_403349"	4.92993144872311	4.33628550864894	4.42795743743811	5.84803695059853	6.18636717903844	5.85934804486631
"chr3_165573406_165573743"	0.941728890028876	2.95884474136883	3.88140526592189	3.99853312662873	4.31248831562402	3.70681030566368
"chr1_222520685_222520925"	2.3602631915393	2.11196030284115	2.23688175251326	3.84527830099908	3.83019667604532	3.28715640609006
"chr12_53298782_53299116"	3.48493383288152	3.14839847265904	3.22161557344343	4.75175323830626	4.84970155178936	4.48780915825858
"chr9_124462300_124462990"	3.71451276783344	4.25795103023992	4.27166315252215	5.44645861252199	5.30943278562964	5.68586554295803
"chr19_55700055_55700271"	2.25610893561198	2.42972545062908	2.80647892411851	3.5811210455737	4.01251588233946	4.10388779353915
"chr12_99414741_99414994"	2.54941399862417	1.65568793957706	1.86645482644695	3.21370227723829	3.78248990613307	3.31483379503599
"chr6_37400710_37401158"	2.93652159051738	2.8562258555896	2.82792994452318	3.93885877007834	4.26502752968932	4.60952940176245
"chr1_62820794_62821116"	3.88534444297714	3.10332951502244	1.10766924816618	4.42642368607119	3.94673734278335	3.96363055262377
"chr22_34249654_34250066"	3.43736683806391	2.73231986354217	1.6897140275256	3.72267620013863	3.9450552608869	4.38283940688313
"chr21_43206791_43207066"	2.39766566046955	2.51052061752381	2.19925268240899	3.89711472014591	3.61102635151059	3.84816447717405
"chr19_54024001_54024368"	2.65931297613573	2.41622405562214	3.09016888720974	3.85412453221451	4.48186421151465	4.09798704154761
"chr10_104512917_104513277"	3.06564604305529	2.35343687317921	1.34391222471255	3.53995440413287	3.6115251399773	3.84662743278599
"chr4_32790645_32791048"	0.517722258112067	3.36313358501273	4.09968229911849	3.79733403966433	4.12489088585374	4.31343612578599
"chr2_138266361_138266814"	2.6359308561457	2.76437649264939	3.24310648076039	4.33585308969226	4.51957133764492	4.09064723654053
"chr7_50720697_50721219"	5.29375441460393	3.95258811066835	1.68384501902344	4.8142341731235	5.25674671951727	5.09553626812669
"chr22_46546172_46546479"	1.2587340799679	3.09375268112197	3.56033480435495	3.95175952990792	3.93236016120432	4.28953219953209
"chr2_28357221_28357723"	3.36522919775222	2.77495782720244	2.60895059525853	4.52984166544934	4.5377168533694	4.00042479048009
"chr4_183109833_183110068"	2.8470513954516	1.6479840723217	2.2325948027443	3.11665718522591	4.18263529967735	3.69374616684572
"chr16_3150148_3150465"	3.10526019359211	2.46205404550558	1.95664987155309	3.69683797152437	3.97041331602337	4.11814340501188
"chr19_19729454_19729808"	2.86166242713683	3.05900667785631	3.13592017745394	4.79335624206567	4.52091437331838	4.09307046615702
"chr18_72543793_72544182"	2.61390301791784	2.66610843185522	2.4822389765158	4.16578805955325	3.94420542442043	3.96395156848947
"chr4_25940470_25940791"	3.24395100701952	2.6254647696525	2.5079016106397	4.30223547851192	4.42054898735018	3.98816526739213
"chr2_119975996_119976319"	2.0831139760829	2.89874876350024	3.18029843639962	4.31148134314932	4.12361884954661	4.05724627637275
"chr9_6055340_6055601"	3.03046050669926	2.08329417917603	1.20337326798955	3.19558871536301	3.6333896091319	3.77364369652441
"chr13_68090072_68090361"	2.44818571188783	2.07442458413974	1.90334170669835	3.43732712237117	3.62524649231	3.68185281746708
"chrX_47400583_47400878"	2.19790268158552	2.67693934405007	3.24409692344908	4.17044486029927	4.34176413813333	3.97012209181257
"chr15_91406655_91406989"	2.49939395661224	3.29739996086051	3.62111623861078	4.95221675869167	4.65785944171098	4.22107212873893
"chr11_40535774_40536016"	2.57687160212179	2.32082529667683	1.91752026589125	4.14925624719838	3.77153678946348	3.30696559111939
"chr1_158747114_158747403"	1.34097577836709	2.24430122226856	3.32959077683356	3.62323988797271	4.21026233777748	3.47889036394946
"chr3_106954791_106955277"	4.26334583005227	3.08921573331601	0.123179393693507	3.78016250503986	3.9255323155076	4.09577099989401
"chr3_73413779_73413993"	2.66202690332456	1.78637927412015	0.832389946076227	3.08691667181112	3.27099723715923	3.30130028272197
"chr1_245878517_245878947"	2.77012291208773	3.43984823149345	4.00796704880749	4.59940457693211	4.99070239383	5.02119600046909
"chr14_102226615_102227242"	4.11486898597678	3.88669353881817	3.83809626734535	5.54106762284245	5.50020722454045	5.23401485863485
"chr2_15701361_15701604"	2.18542407032598	1.63345435178253	2.10706974139361	3.01361902363679	3.75225616175118	3.55987210711664
"chr2_181971582_181971882"	2.64570287043005	2.42172987998691	2.13656732414937	4.22826998072953	3.93232512794697	3.52428832386998
"chr22_41676104_41676423"	1.75938177587596	2.86216101138137	3.27782145060373	4.09381642033335	4.08144222632568	4.16992240126841
"chr22_20048984_20049358"	3.59835377424423	2.93113068006173	2.83601518283477	4.44385917616426	4.77595291177002	4.59365783433679
"chrX_1571575_1572433"	4.57581634742335	4.76331519988298	5.07849398512583	6.21371039888914	6.38048046611852	6.28402163756605
"chr9_98075098_98075752"	3.74466087510328	3.1833200284705	2.01545992155295	4.64053216097828	4.32650853909311	4.43549685779411
"chr15_34563806_34564035"	2.93464680607846	1.98408349188315	1.46494552298897	3.64580470713908	3.82636694259434	3.40142996536339
"chr7_7240947_7241476"	2.61409920923944	2.5526375320754	2.17556929066988	4.31615253169153	3.89670974322723	3.64541946600445
"chr16_55769296_55769718"	2.51787470273337	2.47007075317683	2.3581758108047	3.87848619523546	3.90354376991875	4.05324928207182
"chr11_118858965_118859215"	2.67300763077981	1.96166551963187	1.08132974051292	3.49824347608098	3.41896231001057	3.31767125910316
"chrY_10009661_10009935"	2.67103325087191	1.97569470223368	2.33337871825774	3.35424902450987	4.12515404350953	3.98964921652024
"chr22_23562027_23562354"	2.89735062125609	2.7759927370414	3.21441202141105	4.2786727459638	4.67026235485899	4.45646777539132
"chr15_84198028_84198470"	2.3190949501968	2.12845339525344	2.8569342900803	3.93400251106965	4.31504802707566	3.61489864120576
"chr8_102130074_102130325"	3.37597842806292	2.86400094113667	2.96704407433879	4.04671019495554	4.73446126825871	4.89811475259129
"chr7_132485277_132485537"	2.26255925303043	2.15006231497475	1.57105623132569	3.47350002850368	3.28973054739303	3.71705935935547
"chr3_9191236_9191477"	2.28778258462086	2.28958426520564	2.04999397179415	3.91265209367746	3.6526405150886	3.60494750466565
"chr1_183203222_183203444"	3.8167183380917	2.69683628207144	0.103376805966014	3.87860539077756	3.74231450111147	3.55612498449501
"chr6_27280538_27280762"	0.524876401865339	2.47946705167448	2.94560879314992	3.39158477956241	3.3656048105535	3.74687565109895
"chr16_89237828_89238227"	3.00031187218715	3.67519984474209	3.96383011658229	5.25468563598244	5.08595700180654	4.90172925452811
"chr10_101803182_101803473"	2.19255515424433	2.7825387165695	2.35799658254039	4.21689567705191	3.5936418294896	4.10080441608227
"chr9_129055290_129056092"	3.50470905822736	3.2189161912283	2.87230361114235	5.0012922895627	4.75564265500364	4.45650116691765
"chr14_103397452_103398026"	4.37803422664573	3.61639167802234	1.88465188811427	4.86141567352934	4.65158987299636	4.94070122745589
"chr9_137221796_137222093"	3.7007091582911	2.87197519657185	2.04650898067988	4.4753071355495	4.49891716082247	4.29886824804694
"chr5_72576723_72576972"	2.99746937119753	2.10477196401764	1.0614415175959	3.55982632396374	3.65312512403316	3.60312803627696
"chr17_45216043_45216316"	4.46204681680147	3.44303451228436	0.72866880891659	4.47743493691041	4.30852705178712	4.47997644776415
"chr5_33354586_33354869"	2.76019271413213	2.37790654039923	1.62912493775087	3.68710728429255	3.65693899943257	4.055956221702
"chr2_174439499_174439752"	1.89724496200019	1.75955292194164	1.74252257346095	3.0737659903278	3.36103500024128	3.60755540718368
"chr5_61396092_61396341"	3.415394441227	1.94778593470857	0	2.97255353793644	3.60650283175324	3.4229231515121
"chr6_29645962_29646215"	1.66156555707818	2.57120442580262	2.69178521846557	4.40294308352936	3.85420968044702	3.42092454480001
"chr14_106054576_106054977"	3.19497032489785	2.13602635772692	1.98866739473578	4.04049089892167	4.33074003129383	3.67744909508164
"chr2_43245497_43245779"	2.50397589806205	3.22426103231751	3.09674543571616	4.70658914194362	4.26165770681956	4.56176458741786
"chr14_93075569_93076017"	3.63593417728422	3.08051604270043	2.62385572841853	4.6941665403103	4.71747496452977	4.63215347775538
"chr16_74514070_74514357"	2.69109129415727	3.02690513352891	2.91930272024264	4.65790422861082	4.33933963862824	4.3608848933327
"chr1_247584413_247584665"	3.26323167530833	3.16522476912518	2.99616111000505	4.64942466537618	4.67031253174018	4.8300695032545
"chr11_20037243_20037551"	2.38896977681685	2.7374178602791	3.42584906477004	4.46176949069873	4.69622527770893	4.18420857912062
"chr2_133029143_133029386"	3.05279770463506	4.08369794881713	4.50174653758298	5.35632705867572	5.43668684558636	5.59792580489222
"chr1_9294875_9295112"	2.78564035753636	2.22002155147157	1.44405250398448	3.35507290797961	3.65468408555634	4.15289794187529
"chr16_83389882_83390050"	2.21289397483709	1.09111758829217	0.774497494575976	2.84559307382592	3.23753334122548	2.78880359128277
"chr14_71067265_71067621"	2.2645249283018	2.43184299548811	2.6939108700389	4.1881491683463	4.16201406891236	3.85692867194924
"chr11_78672258_78672501"	2.07065186316258	1.4554561430154	1.50126296893691	3.08582198241161	3.44915190963136	3.2744130092537
"chr2_150741945_150742513"	1.55766673064011	3.29086464691163	3.35810121210888	4.76588195396761	4.02242316168781	4.23905474008765
"chr8_89290449_89290737"	3.97285825622478	2.57219240318795	0.0675407846051694	3.56012569230944	4.00523563905996	3.80146450411958
"chrX_98960576_98960990"	0	3.12943471078709	3.87011764321047	3.8401673975357	3.9265045195731	4.02961440073073
"chr11_16902936_16903177"	2.96737600721694	1.96190085082303	1.56824472688552	3.90667417087222	4.03571202207681	3.38985818989591
"chr3_42820177_42820429"	1.60606252159331	1.85606386366688	2.39250858495022	3.49287563699341	3.73143796346915	3.44671975598389
"chr12_131713927_131714244"	3.40359966315351	2.12681207311708	0	3.08195565374853	3.48201665278786	3.70613218819471
"chr11_120076388_120076613"	2.29940729135645	2.28556770194425	2.78384876815559	4.13730860427649	4.29811825277047	3.78260447337377
"chr1_16543871_16544244"	3.01830415206764	3.67525738159481	3.86845463546214	5.17824131273592	5.06544140663813	5.16009041993096
"chr7_27317237_27317535"	1.50934886876899	2.70361538513464	2.94857085599846	3.96321426517	3.83365130717102	4.19055041971678
"chr4_141664608_141664965"	1.90381332338412	2.11175149233004	1.75105710368252	3.75710518448788	3.35882488472395	3.50772837725435
"chr19_498245_498563"	3.71206472956454	2.86845855663203	0	4.04909429736095	3.3273563892123	4.01211321648692
"chr17_76778412_76778840"	3.4170960104179	2.83986122176698	2.88318888835216	4.51722982028043	4.83376897913201	4.64988629667971
"chr9_115061842_115062124"	3.20139086400572	1.96408096893161	1.55848220332808	3.73358980605445	4.17007901867234	3.69048312881324
"chr10_133890644_133891015"	3.41635499423726	2.12771196070599	1.14167203780256	3.98777515460838	4.15646069355739	3.43957103078396
"chr12_71054704_71054968"	1.83176503014907	1.97181263162032	2.79156407310633	3.31065328103567	4.10984228106301	4.01497031654994
"chr4_26291100_26291349"	0	2.433224783551	3.05331618193352	3.58303336589655	3.40963906287975	3.42747032530143
"chr9_4106035_4106230"	2.13564608181087	1.65792789426154	0.51428240415254	2.86570346170197	2.86350924907136	3.46735674345651
"chr10_109370914_109371182"	0.917216842591062	2.00011521799269	2.53813850519469	3.89074176982491	3.65119166598475	2.94437610475873
"chr16_29925979_29926254"	0	2.07541259254412	2.95986724878137	3.3197455832848	3.42793828306904	3.26463312060108
"chr1_142653886_142654221"	1.19126450535452	2.63884709465516	2.58278435950439	4.22154292557242	3.47389539250807	3.70252222669891
"chr19_44029527_44029957"	2.09696375686804	3.49147937272521	4.00865373298498	5.01718385283646	4.89178705508293	4.68738782741305
"chr14_106083445_106084017"	3.37814213155209	3.52425445018023	2.75842099224066	4.96635841315194	4.51967432242007	5.12046838026721
"chr2_198171394_198171606"	3.26348678659639	1.71485543501277	0	3.43941760422683	3.7188713427962	2.84889433696688
"chr12_52732437_52732780"	3.10855745056724	2.46486741575101	2.59610937109102	4.55388747833915	4.66507427674889	4.02481943118837
"chr5_31916476_31916999"	2.1859079586702	3.05784142503429	3.62813012496859	4.46293588580088	4.71510751068857	4.72474210490026
"chr21_11128231_11128537"	2.85390131061491	2.972705769736	3.04116772102873	4.79193431401987	4.67035226295223	4.48108893957365
"chr2_201831599_201831831"	2.12585189272117	2.03841283310779	2.03324501085802	3.72910316879097	3.77036940487759	3.75436734480541
"chr22_27054850_27055129"	1.94963561086439	2.83276005486996	2.49800640406589	4.63522810213742	3.83924846043365	3.91442649192909
"chr3_14962741_14962957"	1.72540570761291	2.30281606621649	2.16554581248234	3.88977456685656	3.5544839675836	3.82170286397572
"chr16_22311836_22312035"	2.1674611521397	1.64243159982732	2.08488571056238	3.41325054414293	3.91767570629365	3.65843264152426
"chr9_33523444_33523810"	1.10644550602455	1.56909033090101	2.61294989205279	3.50043136800142	3.87739382436143	3.06640183388246
"chr14_106151293_106151757"	2.30348175233337	1.96759824382722	2.25132166010625	3.96127437497836	4.09416805672717	3.63380531588209
"chr20_371823_372222"	0.56396266344634	3.14882709585544	3.68601429592699	4.35228387486432	4.09667160854155	4.11304865063408
"chr13_50735139_50735390"	2.65970755975786	2.28535938513132	1.50575363824287	4.20540280325184	3.81997187575824	3.60257494890166
"chr22_50946375_50946769"	1.56793600430942	3.65603548188765	3.69801306921326	4.80988421317823	4.21791161692713	5.02627127137604
"chr20_6292696_6292858"	1.67890083821685	0.750003833590387	0.470186259022652	2.79396935412527	2.92385505878784	2.37307307055824
"chr3_59299157_59299537"	0	2.86331254317035	3.62980902617801	3.86076283956614	3.94108192412005	3.8856823736628
"chr7_65564572_65565408"	3.01491872807643	3.61873841231437	3.81457509449726	5.07117743705869	5.1366616533178	5.41365621226709
"chr9_140353727_140354007"	3.03106910256928	2.37256910993976	2.94601524687231	4.45486959441109	4.86045424346542	4.27218845094128
"chr2_7850089_7850287"	1.19530687690068	2.11835471161172	1.72191697479306	3.56585264565764	2.98818536002197	3.70218053332963
"chr6_136870858_136871173"	3.30510664837531	2.47245585530789	0.0656619911003883	3.6046162753702	3.46299516806383	3.98255215858492
"chr14_90865946_90866213"	2.95732781964165	1.96880126321903	2.08809995167262	4.06377362170464	4.40643194739863	3.86215005007738
"chr19_9902263_9902744"	3.69573654334528	2.01079321125054	2.51286190562378	3.89424425487905	5.02046198962175	4.57736151060706
"chr14_95047499_95047851"	3.28676208558415	2.60232620288399	0.979419059376251	4.092177952553	3.88856344632291	4.18207410910898
"chr1_16570910_16571114"	2.75887714014003	1.49490901858481	0.290386989006879	3.10141154365076	3.47591004362283	3.29017964811038
"chr19_1885412_1885630"	2.48933293601033	2.35531005251647	1.75165965743261	3.9388978232314	3.80546993868948	4.1805690806852
"chr1_75632543_75632847"	0.597417312497772	2.04597021175457	2.00719772552619	3.63641339011075	3.02784468963939	3.36433782392204
"chr19_17690520_17691033"	4.26205820115168	3.44827191123435	2.3431628741053	5.14511813797063	5.13485663350396	5.12857033895011
"chr12_28052202_28052597"	0.845590469016677	3.28085188077605	3.81095460453573	4.68444179723674	4.39091685781524	4.27049431671231
"chr5_135121519_135122100"	1.548497379207	2.79694055268239	3.01617088740376	4.50109921313863	4.14159749914141	4.13344259822052
"chr12_54161535_54161794"	1.5415318385465	1.67183825161407	2.00869758607155	3.7317858337494	3.69017357982391	3.24638642186104
"chr18_24120009_24120351"	2.39729298577581	2.5106391788161	2.57062517479255	4.12543290086033	4.27447547003429	4.48991397604472
"chr7_807695_807926"	1.84111352955391	0.996703469272595	2.00604119272066	3.45805598162394	3.93105798237973	2.96802389601178
"chr14_106088897_106089297"	1.85605369037177	2.27093393630832	2.9168844544178	3.95825025248118	4.33464354189937	4.23492917968256
"chr10_46168830_46169081"	0	0.709969864462748	2.08447875484147	2.37205638666485	3.17791979772169	2.75051172916461
"chr2_30734064_30734302"	2.9405136273939	1.58655765070379	0	3.82849096155	3.55817847450235	2.70438841030569
"chr20_2577388_2577747"	2.53303726778451	2.04108283551216	1.15012718952144	4.01040143714933	3.70369618174106	3.53558405083245
"chr19_47931330_47931802"	2.88024767008583	3.2029775315859	2.57685500112571	4.71222257686962	4.38402681948875	5.03966891952503
"chr17_21904753_21905026"	3.0442606128291	2.71691763058013	1.081086124975	4.25367565578273	3.76842314314614	4.31882730273097
"chr16_29606782_29607086"	1.06678331054287	2.14049784667865	2.52868743055691	3.93819417733355	3.77221497593656	3.62092249031681
"chr7_23312716_23313057"	0.165347685615629	3.00900065496442	3.92157954462321	4.0283431493422	4.41965872636398	4.25469953799152
"chr4_25924374_25924652"	2.89765463625534	2.31173086035717	0	4.27862402347759	3.26447291035132	3.30055114013637
"chr21_11094495_11094861"	3.61359255243297	2.73134666716062	0.919374600345827	4.32246132425044	4.21414065276552	4.32549274488298
"chr14_106156879_106157828"	3.26574000113585	3.08494443961855	2.79228972285823	5.00763815454691	4.89261994955354	4.87670411439857
"chr7_156411524_156412016"	0.307395960981949	3.00182757243648	3.30592073444327	3.77767375356978	3.74082249610562	4.67171924721754
"chr2_178013612_178013947"	3.30532072269821	2.20392110879359	0.0680216775191388	3.70214166728347	3.74453380436976	3.74273079454724
"chr19_6580373_6580676"	2.59136305142038	1.37516397402031	1.73762424582674	3.55036852340208	4.14204673278743	3.66623217657876
"chr12_7189221_7189555"	2.84415488970927	2.19482029150527	0.19739535625558	4.17699094147252	3.55341868435533	3.21916546904071
"chr5_81647773_81647931"	0.929608167526654	1.37315749877289	2.06994334221405	3.10390612831653	3.51869998799957	3.43039213960802
"chr19_7159588_7159924"	1.92294407771019	2.11770527182467	2.32440588144371	4.13184240507354	4.08398088192262	3.8915251387675
"chr13_46974543_46974757"	2.03355497616458	1.21216681918281	0.107866520762141	3.18855316097727	3.06145827470744	2.84223929890359
"chr11_34018595_34018860"	0	2.46336632697059	3.33850405884282	3.90380753488282	3.98591011645293	3.70516275433353
"chr2_239305865_239306257"	2.42896481169057	2.23769136722614	1.01985316454064	3.71674189199579	3.50071128636002	4.20004823725497
"chr7_98740605_98741200"	3.13122650027301	2.67373151913438	3.11626746239664	4.84626241386969	5.13508822023261	4.76779637829795
"chr2_208610862_208611065"	0.30455255796663	1.22712803424611	1.88570605314946	3.05222456143144	3.2025190519685	3.0021340757875
"chr11_134368117_134368757"	0.723865780693767	2.9759321995716	3.37481163015265	4.57036567651808	4.21207140925923	4.23528996076499
"chr18_55852172_55852424"	3.18957107436261	2.28378526375262	0	3.73698382171123	3.55226167672273	4.08580111052903
"chr6_153491512_153491965"	0.632780114533236	3.14477905469628	4.08784915123091	4.46583444659618	4.8144256024873	4.56823808291803
"chr7_44661044_44661274"	0	2.1977440103411	2.58886179379584	3.73151419410837	3.36963019018217	3.70742978614969
"chr7_66415798_66416221"	3.81147466923984	2.70074501112146	0.0208727991567609	4.31021638562317	4.18470827072544	4.05550694152721
"chr1_16113153_16113446"	0.364829335461605	2.71610679774386	2.91217909133238	4.25333666249657	3.76737104980892	4.13189060930416
"chr3_148990995_148991311"	2.31220050998561	1.57353211197528	0.621719116981528	3.9093150825693	3.64376605161338	3.1538541243782
"chr9_107968156_107968325"	2.50012234706653	1.18670129299771	0	3.35201391011645	3.19967032582966	3.32848618697115
"chr6_29910100_29910310"	1.76106683397739	1.35575231025591	0.682088383083796	3.35930664251558	3.29170632004909	3.4245671753146
"chr17_20167032_20167187"	1.52367933364521	0.394375308350091	0.35916718305446	3.03427075180252	3.16643510012163	2.45242635108451
"chr20_58122670_58123037"	0.724909363224655	1.85564602317793	2.39348604172454	3.78772443705958	3.81476205445468	3.73576821288096
"chr8_37204758_37205053"	3.23192165348041	2.10894269721702	0	3.95465035540318	3.8434745924884	3.91651414057914
"chrY_10033394_10033650"	2.78683351459516	2.6079688036946	2.19867541040276	4.72516965253224	4.60792861701404	4.66937862029295
"chr20_10485924_10486274"	3.87030096596257	2.65943453503796	0.188164404617399	4.4336241931698	4.44694170559636	4.27066861515512
"chr12_93731903_93732318"	0.988532779046195	1.80946389928369	1.55660399103643	3.77320155170713	3.40535194702614	3.71839721893484
"chr7_17678414_17678740"	1.86721755602204	1.95404903831521	0	4.24316102482818	3.17879334359862	3.05803346143351
"chr14_105628793_105629077"	1.20522568989761	2.74048911606146	2.93462963629461	4.48033739875428	4.32933955426779	4.70331029508537
"chr1_202593604_202594283"	3.20618124272816	2.84742333890644	2.43349024179799	5.23686306953248	5.06736263853393	4.85274805177313
"chr12_51405801_51406008"	0	0.867483111406972	2.30756981483994	2.82953620514295	3.57713840397844	3.46299190679432
"chr6_71665281_71665548"	0	1.54099464557175	2.53941966516161	3.16754392226892	3.79761506410031	3.85346630888707
"chrX_56809700_56809921"	2.32447827238522	1.01410271074896	0	3.42635780018519	3.44292588346545	3.27599365680582
"chr8_86978513_86978785"	1.78692814463501	1.05376420967978	1.45787736794041	3.7412597952346	3.98016056803858	3.60710296369134
"chr1_196402061_196402223"	0	1.28715064120629	0	3.56328133389148	2.23813208984813	2.70872329964733
"chr1_197652993_197653208"	2.01820470517217	0.474761807822692	0.0384690202085289	3.4379969514129	3.62654959777332	2.99980480650836
"chr8_115694460_115695014"	1.1959799700799	1.77276138828994	2.03283888158731	4.03661932402917	4.14136472632272	4.32224172443967
"chr10_98561373_98561624"	0	2.43550192188664	2.4783324609831	4.41679330605625	3.86912742113005	4.23560211463205
"chr21_11122213_11122777"	3.38560977467913	3.11448925000448	2.0461026025872	5.61819591636151	5.30493021048484	5.30747641707738
"chr17_43019590_43019837"	0.818470901068867	1.640973884101	0.0775088064134878	3.55980804644674	2.87469717427105	3.80115476555868
"chr7_76626713_76627398"	1.47038266380432	1.46184277333892	2.04943750227331	4.15947554034009	4.40990809602191	4.33490546203942
"chr4_190156232_190156413"	0	0.000578625708562627	0	2.96557997063997	2.87605241584612	2.73287185812701
"chr19_907306_907689"	0	1.80799006743741	1.56255009181669	4.47130177270045	4.0811673133885	4.3518067700826
"chr5_177377494_177378221"	1.98185380457348	1.72618456926017	0	4.71173675237396	4.45645578214312	4.59588057731168
"chr10_111986404_111986644"	0.0263690353427086	0	0.0307521187747605	2.96406715367598	3.49645354877547	4.02850554655542
"chr2_1532073_1532506"	0	0.243155876137253	0	4.25560294071362	3.82520480632322	3.64974826202658
"chr2_133028294_133028519"	0	1.8049771486514	0.703728148792163	5.0913605773426	4.58731573069633	4.70351742780485
